m,M,target,reach_count,nonzero_weights
2,230,3,6,"81:22;121:3;162:11"
3,230,3,6,"81:22;121:3;162:11"
4,230,3,6,"81:22;121:3;162:11"
5,230,3,6,"81:22;121:3;162:11"
6,230,3,6,"81:22;121:3;162:11"
7,230,3,6,"81:22;121:3;162:11"
8,230,3,6,"81:22;121:3;162:11"
9,230,3,6,"81:22;121:3;162:11"
10,230,3,6,"81:22;121:3;162:11"
11,230,3,6,"81:22;121:3;162:11"
12,230,3,6,"81:22;121:3;162:11"
13,230,3,6,"81:22;121:3;162:11"
14,230,3,6,"81:22;121:3;162:11"
15,230,3,6,"81:22;121:3;162:11"
16,230,3,6,"81:22;121:3;162:11"
17,230,3,6,"81:22;121:3;162:11"
18,230,3,6,"81:22;121:3;162:11"
19,230,3,6,"81:22;121:3;162:11"
20,230,3,6,"81:22;121:3;162:11"
21,230,3,6,"81:22;121:3;162:11"
22,230,3,6,"81:22;121:3;162:11"
23,230,3,6,"81:22;121:3;162:11"
24,230,3,6,"81:22;121:3;162:11"
25,230,3,6,"81:22;121:3;162:11"
26,230,3,6,"81:22;121:3;162:11"
27,230,3,6,"81:22;121:3;162:11"
28,230,3,6,"81:22;121:3;162:11"
29,230,3,6,"81:22;121:3;162:11"
30,230,3,6,"81:22;121:3;162:11"
31,230,3,6,"81:22;121:3;162:11"
32,230,3,6,"81:22;121:3;162:11"
33,230,3,6,"81:22;121:3;162:11"
34,230,3,6,"81:22;121:3;162:11"
35,230,3,6,"81:22;121:3;162:11"
36,230,3,6,"81:22;121:3;162:11"
37,230,3,6,"81:22;121:3;162:11"
38,230,3,6,"81:22;121:3;162:11"
39,230,3,6,"81:22;121:3;162:11"
40,230,3,6,"81:22;121:3;162:11"
41,230,3,6,"81:22;121:3;162:11"
42,230,3,6,"81:22;121:3;162:11"
43,230,3,6,"81:22;121:3;162:11"
44,230,3,6,"81:22;121:3;162:11"
45,230,3,6,"81:22;121:3;162:11"
46,230,3,6,"81:22;121:3;162:11"
47,230,3,6,"81:22;121:3;162:11"
48,230,3,6,"81:22;121:3;162:11"
49,230,3,6,"81:22;121:3;162:11"
50,230,3,6,"81:22;121:3;162:11"
51,230,3,6,"81:22;121:3;162:11"
52,230,3,6,"81:22;121:3;162:11"
53,230,3,6,"81:22;121:3;162:11"
54,230,3,6,"81:22;121:3;162:11"
55,230,3,6,"81:22;121:3;162:11"
56,230,3,6,"81:22;121:3;162:11"
57,230,3,6,"81:22;121:3;162:11"
58,230,3,6,"81:22;121:3;162:11"
59,230,3,6,"81:22;121:3;162:11"
60,230,3,6,"81:22;121:3;162:11"
61,230,3,6,"81:22;121:3;162:11"
62,230,3,6,"81:22;121:3;162:11"
63,230,3,6,"81:22;121:3;162:11"
64,230,3,6,"81:22;121:3;162:11"
65,230,3,6,"81:22;121:3;162:11"
66,230,3,6,"81:22;121:3;162:11"
67,230,3,6,"81:22;121:3;162:11"
68,230,3,6,"81:22;121:3;162:11"
69,230,3,6,"81:22;121:3;162:11"
70,230,3,6,"81:22;121:3;162:11"
71,230,3,6,"81:22;121:3;162:11"
72,230,3,6,"81:22;121:3;162:11"
73,230,3,6,"81:22;121:3;162:11"
74,230,3,6,"81:22;121:3;162:11"
75,230,3,6,"81:22;121:3;162:11"
76,230,3,6,"81:22;121:3;162:11"
77,230,3,6,"81:22;121:3;162:11"
78,230,3,6,"81:22;121:3;162:11"
79,230,3,6,"81:22;121:3;162:11"
80,230,3,6,"81:22;121:3;162:11"
81,230,3,4,"81:22;121:3;162:11"
82,230,14,4,"121:3;162:11"
83,230,14,4,"121:3;162:11"
84,230,14,4,"121:3;162:11"
85,230,14,4,"121:3;162:11"
2,231,3,6,"81:22;121:3;162:11"
3,231,3,6,"81:22;121:3;162:11"
4,231,3,6,"81:22;121:3;162:11"
5,231,3,6,"81:22;121:3;162:11"
6,231,3,6,"81:22;121:3;162:11"
7,231,3,6,"81:22;121:3;162:11"
8,231,3,6,"81:22;121:3;162:11"
9,231,3,6,"81:22;121:3;162:11"
10,231,3,6,"81:22;121:3;162:11"
11,231,3,6,"81:22;121:3;162:11"
12,231,3,6,"81:22;121:3;162:11"
13,231,3,6,"81:22;121:3;162:11"
14,231,3,6,"81:22;121:3;162:11"
15,231,3,6,"81:22;121:3;162:11"
16,231,3,6,"81:22;121:3;162:11"
17,231,3,6,"81:22;121:3;162:11"
18,231,3,6,"81:22;121:3;162:11"
19,231,3,6,"81:22;121:3;162:11"
20,231,3,6,"81:22;121:3;162:11"
21,231,3,6,"81:22;121:3;162:11"
22,231,3,6,"81:22;121:3;162:11"
23,231,3,6,"81:22;121:3;162:11"
24,231,3,6,"81:22;121:3;162:11"
25,231,3,6,"81:22;121:3;162:11"
26,231,3,6,"81:22;121:3;162:11"
27,231,3,6,"81:22;121:3;162:11"
28,231,3,6,"81:22;121:3;162:11"
29,231,3,6,"81:22;121:3;162:11"
30,231,3,6,"81:22;121:3;162:11"
31,231,3,6,"81:22;121:3;162:11"
32,231,3,6,"81:22;121:3;162:11"
33,231,3,6,"81:22;121:3;162:11"
34,231,3,6,"81:22;121:3;162:11"
35,231,3,6,"81:22;121:3;162:11"
36,231,3,6,"81:22;121:3;162:11"
37,231,3,6,"81:22;121:3;162:11"
38,231,3,6,"81:22;121:3;162:11"
39,231,3,6,"81:22;121:3;162:11"
40,231,3,6,"81:22;121:3;162:11"
41,231,3,6,"81:22;121:3;162:11"
42,231,3,6,"81:22;121:3;162:11"
43,231,3,6,"81:22;121:3;162:11"
44,231,3,6,"81:22;121:3;162:11"
45,231,3,6,"81:22;121:3;162:11"
46,231,3,6,"81:22;121:3;162:11"
47,231,3,6,"81:22;121:3;162:11"
48,231,3,6,"81:22;121:3;162:11"
49,231,3,6,"81:22;121:3;162:11"
50,231,3,6,"81:22;121:3;162:11"
51,231,3,6,"81:22;121:3;162:11"
52,231,3,6,"81:22;121:3;162:11"
53,231,3,6,"81:22;121:3;162:11"
54,231,3,6,"81:22;121:3;162:11"
55,231,3,6,"81:22;121:3;162:11"
56,231,3,6,"81:22;121:3;162:11"
57,231,3,6,"81:22;121:3;162:11"
58,231,3,6,"81:22;121:3;162:11"
59,231,3,6,"81:22;121:3;162:11"
60,231,3,6,"81:22;121:3;162:11"
61,231,3,6,"81:22;121:3;162:11"
62,231,3,6,"81:22;121:3;162:11"
63,231,3,6,"81:22;121:3;162:11"
64,231,3,6,"81:22;121:3;162:11"
65,231,3,6,"81:22;121:3;162:11"
66,231,3,6,"81:22;121:3;162:11"
67,231,3,6,"81:22;121:3;162:11"
68,231,3,6,"81:22;121:3;162:11"
69,231,3,6,"81:22;121:3;162:11"
70,231,3,6,"81:22;121:3;162:11"
71,231,3,6,"81:22;121:3;162:11"
72,231,3,6,"81:22;121:3;162:11"
73,231,3,6,"81:22;121:3;162:11"
74,231,3,6,"81:22;121:3;162:11"
75,231,3,6,"81:22;121:3;162:11"
76,231,3,6,"81:22;121:3;162:11"
77,231,3,6,"81:22;121:3;162:11"
78,231,3,6,"81:22;121:3;162:11"
79,231,3,6,"81:22;121:3;162:11"
80,231,3,6,"81:22;121:3;162:11"
81,231,3,4,"81:22;121:3;162:11"
82,231,14,4,"121:3;162:11"
83,231,14,4,"121:3;162:11"
84,231,14,4,"121:3;162:11"
85,231,14,4,"121:3;162:11"
2,232,3,6,"81:22;121:3;162:11"
3,232,3,6,"81:22;121:3;162:11"
4,232,3,6,"81:22;121:3;162:11"
5,232,3,6,"81:22;121:3;162:11"
6,232,3,6,"81:22;121:3;162:11"
7,232,3,6,"81:22;121:3;162:11"
8,232,3,6,"81:22;121:3;162:11"
9,232,3,6,"81:22;121:3;162:11"
10,232,3,6,"81:22;121:3;162:11"
11,232,3,6,"81:22;121:3;162:11"
12,232,3,6,"81:22;121:3;162:11"
13,232,3,6,"81:22;121:3;162:11"
14,232,3,6,"81:22;121:3;162:11"
15,232,3,6,"81:22;121:3;162:11"
16,232,3,6,"81:22;121:3;162:11"
17,232,3,6,"81:22;121:3;162:11"
18,232,3,6,"81:22;121:3;162:11"
19,232,3,6,"81:22;121:3;162:11"
20,232,3,6,"81:22;121:3;162:11"
21,232,3,6,"81:22;121:3;162:11"
22,232,3,6,"81:22;121:3;162:11"
23,232,3,6,"81:22;121:3;162:11"
24,232,3,6,"81:22;121:3;162:11"
25,232,3,6,"81:22;121:3;162:11"
26,232,3,6,"81:22;121:3;162:11"
27,232,3,6,"81:22;121:3;162:11"
28,232,3,6,"81:22;121:3;162:11"
29,232,3,6,"81:22;121:3;162:11"
30,232,3,6,"81:22;121:3;162:11"
31,232,3,6,"81:22;121:3;162:11"
32,232,3,6,"81:22;121:3;162:11"
33,232,3,6,"81:22;121:3;162:11"
34,232,3,6,"81:22;121:3;162:11"
35,232,3,6,"81:22;121:3;162:11"
36,232,3,6,"81:22;121:3;162:11"
37,232,3,6,"81:22;121:3;162:11"
38,232,3,6,"81:22;121:3;162:11"
39,232,3,6,"81:22;121:3;162:11"
40,232,3,6,"81:22;121:3;162:11"
41,232,3,6,"81:22;121:3;162:11"
42,232,3,6,"81:22;121:3;162:11"
43,232,3,6,"81:22;121:3;162:11"
44,232,3,6,"81:22;121:3;162:11"
45,232,3,6,"81:22;121:3;162:11"
46,232,3,6,"81:22;121:3;162:11"
47,232,3,6,"81:22;121:3;162:11"
48,232,3,6,"81:22;121:3;162:11"
49,232,3,6,"81:22;121:3;162:11"
50,232,3,6,"81:22;121:3;162:11"
51,232,3,6,"81:22;121:3;162:11"
52,232,3,6,"81:22;121:3;162:11"
53,232,3,6,"81:22;121:3;162:11"
54,232,3,6,"81:22;121:3;162:11"
55,232,3,6,"81:22;121:3;162:11"
56,232,3,6,"81:22;121:3;162:11"
57,232,3,6,"81:22;121:3;162:11"
58,232,3,6,"81:22;121:3;162:11"
59,232,3,6,"81:22;121:3;162:11"
60,232,3,6,"81:22;121:3;162:11"
61,232,3,6,"81:22;121:3;162:11"
62,232,3,6,"81:22;121:3;162:11"
63,232,3,6,"81:22;121:3;162:11"
64,232,3,6,"81:22;121:3;162:11"
65,232,3,6,"81:22;121:3;162:11"
66,232,3,6,"81:22;121:3;162:11"
67,232,3,6,"81:22;121:3;162:11"
68,232,3,6,"81:22;121:3;162:11"
69,232,3,6,"81:22;121:3;162:11"
70,232,3,6,"81:22;121:3;162:11"
71,232,3,6,"81:22;121:3;162:11"
72,232,3,6,"81:22;121:3;162:11"
73,232,3,6,"81:22;121:3;162:11"
74,232,3,6,"81:22;121:3;162:11"
75,232,3,6,"81:22;121:3;162:11"
76,232,3,6,"81:22;121:3;162:11"
77,232,3,6,"81:22;121:3;162:11"
78,232,3,6,"81:22;121:3;162:11"
79,232,3,6,"81:22;121:3;162:11"
80,232,3,6,"81:22;121:3;162:11"
81,232,3,4,"81:22;121:3;162:11"
82,232,14,4,"121:3;162:11"
83,232,14,4,"121:3;162:11"
84,232,14,4,"121:3;162:11"
85,232,14,4,"121:3;162:11"
86,232,14,4,"121:3;162:11"
2,233,6,6,"81:11;121:6;162:22"
3,233,6,6,"81:11;121:6;162:22"
4,233,6,6,"81:11;121:6;162:22"
5,233,6,6,"81:11;121:6;162:22"
6,233,6,6,"81:11;121:6;162:22"
7,233,6,6,"81:11;121:6;162:22"
8,233,6,6,"81:11;121:6;162:22"
9,233,6,6,"81:11;121:6;162:22"
10,233,6,6,"81:11;121:6;162:22"
11,233,6,6,"81:11;121:6;162:22"
12,233,6,6,"81:11;121:6;162:22"
13,233,6,6,"81:11;121:6;162:22"
14,233,6,6,"81:11;121:6;162:22"
15,233,6,6,"81:11;121:6;162:22"
16,233,6,6,"81:11;121:6;162:22"
17,233,6,6,"81:11;121:6;162:22"
18,233,6,6,"81:11;121:6;162:22"
19,233,6,6,"81:11;121:6;162:22"
20,233,6,6,"81:11;121:6;162:22"
21,233,6,6,"81:11;121:6;162:22"
22,233,6,6,"81:11;121:6;162:22"
23,233,6,6,"81:11;121:6;162:22"
24,233,6,6,"81:11;121:6;162:22"
25,233,6,6,"81:11;121:6;162:22"
26,233,6,6,"81:11;121:6;162:22"
27,233,6,6,"81:11;121:6;162:22"
28,233,6,6,"81:11;121:6;162:22"
29,233,6,6,"81:11;121:6;162:22"
30,233,6,6,"81:11;121:6;162:22"
31,233,6,6,"81:11;121:6;162:22"
32,233,6,6,"81:11;121:6;162:22"
33,233,6,6,"81:11;121:6;162:22"
34,233,6,6,"81:11;121:6;162:22"
35,233,6,6,"81:11;121:6;162:22"
36,233,6,6,"81:11;121:6;162:22"
37,233,6,6,"81:11;121:6;162:22"
38,233,6,6,"81:11;121:6;162:22"
39,233,6,6,"81:11;121:6;162:22"
40,233,6,6,"81:11;121:6;162:22"
41,233,6,6,"81:11;121:6;162:22"
42,233,6,6,"81:11;121:6;162:22"
43,233,6,6,"81:11;121:6;162:22"
44,233,6,6,"81:11;121:6;162:22"
45,233,6,6,"81:11;121:6;162:22"
46,233,6,6,"81:11;121:6;162:22"
47,233,6,6,"81:11;121:6;162:22"
48,233,6,6,"81:11;121:6;162:22"
49,233,6,6,"81:11;121:6;162:22"
50,233,6,6,"81:11;121:6;162:22"
51,233,6,6,"81:11;121:6;162:22"
52,233,6,6,"81:11;121:6;162:22"
53,233,6,6,"81:11;121:6;162:22"
54,233,6,6,"81:11;121:6;162:22"
55,233,6,6,"81:11;121:6;162:22"
56,233,6,6,"81:11;121:6;162:22"
57,233,6,6,"81:11;121:6;162:22"
58,233,6,6,"81:11;121:6;162:22"
59,233,6,6,"81:11;121:6;162:22"
60,233,6,6,"81:11;121:6;162:22"
61,233,6,6,"81:11;121:6;162:22"
62,233,6,6,"81:11;121:6;162:22"
63,233,6,6,"81:11;121:6;162:22"
64,233,6,6,"81:11;121:6;162:22"
65,233,6,6,"81:11;121:6;162:22"
66,233,6,6,"81:11;121:6;162:22"
67,233,6,6,"81:11;121:6;162:22"
68,233,6,6,"81:11;121:6;162:22"
69,233,6,6,"81:11;121:6;162:22"
70,233,6,6,"81:11;121:6;162:22"
71,233,6,6,"81:11;121:6;162:22"
72,233,6,6,"81:11;121:6;162:22"
73,233,6,6,"81:11;121:6;162:22"
74,233,6,6,"81:11;121:6;162:22"
75,233,6,6,"81:11;121:6;162:22"
76,233,6,6,"81:11;121:6;162:22"
77,233,6,6,"81:11;121:6;162:22"
78,233,6,6,"81:11;121:6;162:22"
79,233,6,6,"81:11;121:6;162:22"
80,233,6,6,"81:11;121:6;162:22"
81,233,6,4,"81:11;121:6;162:22"
82,233,28,4,"121:6;162:22"
83,233,28,4,"121:6;162:22"
84,233,28,4,"121:6;162:22"
85,233,28,4,"121:6;162:22"
86,233,28,4,"121:6;162:22"
2,234,6,6,"81:11;121:6;162:22"
3,234,6,6,"81:11;121:6;162:22"
4,234,6,6,"81:11;121:6;162:22"
5,234,6,6,"81:11;121:6;162:22"
6,234,6,6,"81:11;121:6;162:22"
7,234,6,6,"81:11;121:6;162:22"
8,234,6,6,"81:11;121:6;162:22"
9,234,6,6,"81:11;121:6;162:22"
10,234,6,6,"81:11;121:6;162:22"
11,234,6,6,"81:11;121:6;162:22"
12,234,6,6,"81:11;121:6;162:22"
13,234,6,6,"81:11;121:6;162:22"
14,234,6,6,"81:11;121:6;162:22"
15,234,6,6,"81:11;121:6;162:22"
16,234,6,6,"81:11;121:6;162:22"
17,234,6,6,"81:11;121:6;162:22"
18,234,6,6,"81:11;121:6;162:22"
19,234,6,6,"81:11;121:6;162:22"
20,234,6,6,"81:11;121:6;162:22"
21,234,6,6,"81:11;121:6;162:22"
22,234,6,6,"81:11;121:6;162:22"
23,234,6,6,"81:11;121:6;162:22"
24,234,6,6,"81:11;121:6;162:22"
25,234,6,6,"81:11;121:6;162:22"
26,234,6,6,"81:11;121:6;162:22"
27,234,6,6,"81:11;121:6;162:22"
28,234,6,6,"81:11;121:6;162:22"
29,234,6,6,"81:11;121:6;162:22"
30,234,6,6,"81:11;121:6;162:22"
31,234,6,6,"81:11;121:6;162:22"
32,234,6,6,"81:11;121:6;162:22"
33,234,6,6,"81:11;121:6;162:22"
34,234,6,6,"81:11;121:6;162:22"
35,234,6,6,"81:11;121:6;162:22"
36,234,6,6,"81:11;121:6;162:22"
37,234,6,6,"81:11;121:6;162:22"
38,234,6,6,"81:11;121:6;162:22"
39,234,6,6,"81:11;121:6;162:22"
40,234,6,6,"81:11;121:6;162:22"
41,234,6,6,"81:11;121:6;162:22"
42,234,6,6,"81:11;121:6;162:22"
43,234,6,6,"81:11;121:6;162:22"
44,234,6,6,"81:11;121:6;162:22"
45,234,6,6,"81:11;121:6;162:22"
46,234,6,6,"81:11;121:6;162:22"
47,234,6,6,"81:11;121:6;162:22"
48,234,6,6,"81:11;121:6;162:22"
49,234,6,6,"81:11;121:6;162:22"
50,234,6,6,"81:11;121:6;162:22"
51,234,6,6,"81:11;121:6;162:22"
52,234,6,6,"81:11;121:6;162:22"
53,234,6,6,"81:11;121:6;162:22"
54,234,6,6,"81:11;121:6;162:22"
55,234,6,6,"81:11;121:6;162:22"
56,234,6,6,"81:11;121:6;162:22"
57,234,6,6,"81:11;121:6;162:22"
58,234,6,6,"81:11;121:6;162:22"
59,234,6,6,"81:11;121:6;162:22"
60,234,6,6,"81:11;121:6;162:22"
61,234,6,6,"81:11;121:6;162:22"
62,234,6,6,"81:11;121:6;162:22"
63,234,6,6,"81:11;121:6;162:22"
64,234,6,6,"81:11;121:6;162:22"
65,234,6,6,"81:11;121:6;162:22"
66,234,6,6,"81:11;121:6;162:22"
67,234,6,6,"81:11;121:6;162:22"
68,234,6,6,"81:11;121:6;162:22"
69,234,6,6,"81:11;121:6;162:22"
70,234,6,6,"81:11;121:6;162:22"
71,234,6,6,"81:11;121:6;162:22"
72,234,6,6,"81:11;121:6;162:22"
73,234,6,6,"81:11;121:6;162:22"
74,234,6,6,"81:11;121:6;162:22"
75,234,6,6,"81:11;121:6;162:22"
76,234,6,6,"81:11;121:6;162:22"
77,234,6,6,"81:11;121:6;162:22"
78,234,6,6,"81:11;121:6;162:22"
79,234,6,6,"81:11;121:6;162:22"
80,234,6,6,"81:11;121:6;162:22"
81,234,6,4,"81:11;121:6;162:22"
82,234,28,4,"121:6;162:22"
83,234,28,4,"121:6;162:22"
84,234,28,4,"121:6;162:22"
85,234,28,4,"121:6;162:22"
86,234,28,4,"121:6;162:22"
2,235,6,6,"81:11;121:6;162:22"
3,235,6,6,"81:11;121:6;162:22"
4,235,6,6,"81:11;121:6;162:22"
5,235,6,6,"81:11;121:6;162:22"
6,235,6,6,"81:11;121:6;162:22"
7,235,6,6,"81:11;121:6;162:22"
8,235,6,6,"81:11;121:6;162:22"
9,235,6,6,"81:11;121:6;162:22"
10,235,6,6,"81:11;121:6;162:22"
11,235,6,6,"81:11;121:6;162:22"
12,235,6,6,"81:11;121:6;162:22"
13,235,6,6,"81:11;121:6;162:22"
14,235,6,6,"81:11;121:6;162:22"
15,235,6,6,"81:11;121:6;162:22"
16,235,6,6,"81:11;121:6;162:22"
17,235,6,6,"81:11;121:6;162:22"
18,235,6,6,"81:11;121:6;162:22"
19,235,6,6,"81:11;121:6;162:22"
20,235,6,6,"81:11;121:6;162:22"
21,235,6,6,"81:11;121:6;162:22"
22,235,6,6,"81:11;121:6;162:22"
23,235,6,6,"81:11;121:6;162:22"
24,235,6,6,"81:11;121:6;162:22"
25,235,6,6,"81:11;121:6;162:22"
26,235,6,6,"81:11;121:6;162:22"
27,235,6,6,"81:11;121:6;162:22"
28,235,6,6,"81:11;121:6;162:22"
29,235,6,6,"81:11;121:6;162:22"
30,235,6,6,"81:11;121:6;162:22"
31,235,6,6,"81:11;121:6;162:22"
32,235,6,6,"81:11;121:6;162:22"
33,235,6,6,"81:11;121:6;162:22"
34,235,6,6,"81:11;121:6;162:22"
35,235,6,6,"81:11;121:6;162:22"
36,235,6,6,"81:11;121:6;162:22"
37,235,6,6,"81:11;121:6;162:22"
38,235,6,6,"81:11;121:6;162:22"
39,235,6,6,"81:11;121:6;162:22"
40,235,6,6,"81:11;121:6;162:22"
41,235,6,6,"81:11;121:6;162:22"
42,235,6,6,"81:11;121:6;162:22"
43,235,6,6,"81:11;121:6;162:22"
44,235,6,6,"81:11;121:6;162:22"
45,235,6,6,"81:11;121:6;162:22"
46,235,6,6,"81:11;121:6;162:22"
47,235,6,6,"81:11;121:6;162:22"
48,235,6,6,"81:11;121:6;162:22"
49,235,6,6,"81:11;121:6;162:22"
50,235,6,6,"81:11;121:6;162:22"
51,235,6,6,"81:11;121:6;162:22"
52,235,6,6,"81:11;121:6;162:22"
53,235,6,6,"81:11;121:6;162:22"
54,235,6,6,"81:11;121:6;162:22"
55,235,6,6,"81:11;121:6;162:22"
56,235,6,6,"81:11;121:6;162:22"
57,235,6,6,"81:11;121:6;162:22"
58,235,6,6,"81:11;121:6;162:22"
59,235,6,6,"81:11;121:6;162:22"
60,235,6,6,"81:11;121:6;162:22"
61,235,6,6,"81:11;121:6;162:22"
62,235,6,6,"81:11;121:6;162:22"
63,235,6,6,"81:11;121:6;162:22"
64,235,6,6,"81:11;121:6;162:22"
65,235,6,6,"81:11;121:6;162:22"
66,235,6,6,"81:11;121:6;162:22"
67,235,6,6,"81:11;121:6;162:22"
68,235,6,6,"81:11;121:6;162:22"
69,235,6,6,"81:11;121:6;162:22"
70,235,6,6,"81:11;121:6;162:22"
71,235,6,6,"81:11;121:6;162:22"
72,235,6,6,"81:11;121:6;162:22"
73,235,6,6,"81:11;121:6;162:22"
74,235,6,6,"81:11;121:6;162:22"
75,235,6,6,"81:11;121:6;162:22"
76,235,6,6,"81:11;121:6;162:22"
77,235,6,6,"81:11;121:6;162:22"
78,235,6,6,"81:11;121:6;162:22"
79,235,6,6,"81:11;121:6;162:22"
80,235,6,6,"81:11;121:6;162:22"
81,235,6,4,"81:11;121:6;162:22"
82,235,28,4,"121:6;162:22"
83,235,28,4,"121:6;162:22"
84,235,28,4,"121:6;162:22"
85,235,28,4,"121:6;162:22"
86,235,28,4,"121:6;162:22"
87,235,28,4,"121:6;162:22"
2,236,6,6,"81:11;121:6;162:22"
3,236,6,6,"81:11;121:6;162:22"
4,236,6,6,"81:11;121:6;162:22"
5,236,6,6,"81:11;121:6;162:22"
6,236,6,6,"81:11;121:6;162:22"
7,236,6,6,"81:11;121:6;162:22"
8,236,6,6,"81:11;121:6;162:22"
9,236,6,6,"81:11;121:6;162:22"
10,236,6,6,"81:11;121:6;162:22"
11,236,6,6,"81:11;121:6;162:22"
12,236,6,6,"81:11;121:6;162:22"
13,236,6,6,"81:11;121:6;162:22"
14,236,6,6,"81:11;121:6;162:22"
15,236,6,6,"81:11;121:6;162:22"
16,236,6,6,"81:11;121:6;162:22"
17,236,6,6,"81:11;121:6;162:22"
18,236,6,6,"81:11;121:6;162:22"
19,236,6,6,"81:11;121:6;162:22"
20,236,6,6,"81:11;121:6;162:22"
21,236,6,6,"81:11;121:6;162:22"
22,236,6,6,"81:11;121:6;162:22"
23,236,6,6,"81:11;121:6;162:22"
24,236,6,6,"81:11;121:6;162:22"
25,236,6,6,"81:11;121:6;162:22"
26,236,6,6,"81:11;121:6;162:22"
27,236,6,6,"81:11;121:6;162:22"
28,236,6,6,"81:11;121:6;162:22"
29,236,6,6,"81:11;121:6;162:22"
30,236,6,6,"81:11;121:6;162:22"
31,236,6,6,"81:11;121:6;162:22"
32,236,6,6,"81:11;121:6;162:22"
33,236,6,6,"81:11;121:6;162:22"
34,236,6,6,"81:11;121:6;162:22"
35,236,6,6,"81:11;121:6;162:22"
36,236,6,6,"81:11;121:6;162:22"
37,236,6,6,"81:11;121:6;162:22"
38,236,6,6,"81:11;121:6;162:22"
39,236,6,6,"81:11;121:6;162:22"
40,236,6,6,"81:11;121:6;162:22"
41,236,6,6,"81:11;121:6;162:22"
42,236,6,6,"81:11;121:6;162:22"
43,236,6,6,"81:11;121:6;162:22"
44,236,6,6,"81:11;121:6;162:22"
45,236,6,6,"81:11;121:6;162:22"
46,236,6,6,"81:11;121:6;162:22"
47,236,6,6,"81:11;121:6;162:22"
48,236,6,6,"81:11;121:6;162:22"
49,236,6,6,"81:11;121:6;162:22"
50,236,6,6,"81:11;121:6;162:22"
51,236,6,6,"81:11;121:6;162:22"
52,236,6,6,"81:11;121:6;162:22"
53,236,6,6,"81:11;121:6;162:22"
54,236,6,6,"81:11;121:6;162:22"
55,236,6,6,"81:11;121:6;162:22"
56,236,6,6,"81:11;121:6;162:22"
57,236,6,6,"81:11;121:6;162:22"
58,236,6,6,"81:11;121:6;162:22"
59,236,6,6,"81:11;121:6;162:22"
60,236,6,6,"81:11;121:6;162:22"
61,236,6,6,"81:11;121:6;162:22"
62,236,6,6,"81:11;121:6;162:22"
63,236,6,6,"81:11;121:6;162:22"
64,236,6,6,"81:11;121:6;162:22"
65,236,6,6,"81:11;121:6;162:22"
66,236,6,6,"81:11;121:6;162:22"
67,236,6,6,"81:11;121:6;162:22"
68,236,6,6,"81:11;121:6;162:22"
69,236,6,6,"81:11;121:6;162:22"
70,236,6,6,"81:11;121:6;162:22"
71,236,6,6,"81:11;121:6;162:22"
72,236,6,6,"81:11;121:6;162:22"
73,236,6,6,"81:11;121:6;162:22"
74,236,6,6,"81:11;121:6;162:22"
75,236,6,6,"81:11;121:6;162:22"
76,236,6,6,"81:11;121:6;162:22"
77,236,6,6,"81:11;121:6;162:22"
78,236,6,6,"81:11;121:6;162:22"
79,236,6,6,"81:11;121:6;162:22"
80,236,6,6,"81:11;121:6;162:22"
81,236,6,4,"81:11;121:6;162:22"
82,236,28,4,"121:6;162:22"
83,236,28,4,"121:6;162:22"
84,236,28,4,"121:6;162:22"
85,236,28,4,"121:6;162:22"
86,236,28,4,"121:6;162:22"
87,236,28,4,"121:6;162:22"
2,237,6,6,"81:11;121:6;162:22"
3,237,6,6,"81:11;121:6;162:22"
4,237,6,6,"81:11;121:6;162:22"
5,237,6,6,"81:11;121:6;162:22"
6,237,6,6,"81:11;121:6;162:22"
7,237,6,6,"81:11;121:6;162:22"
8,237,6,6,"81:11;121:6;162:22"
9,237,6,6,"81:11;121:6;162:22"
10,237,6,6,"81:11;121:6;162:22"
11,237,6,6,"81:11;121:6;162:22"
12,237,6,6,"81:11;121:6;162:22"
13,237,6,6,"81:11;121:6;162:22"
14,237,6,6,"81:11;121:6;162:22"
15,237,6,6,"81:11;121:6;162:22"
16,237,6,6,"81:11;121:6;162:22"
17,237,6,6,"81:11;121:6;162:22"
18,237,6,6,"81:11;121:6;162:22"
19,237,6,6,"81:11;121:6;162:22"
20,237,6,6,"81:11;121:6;162:22"
21,237,6,6,"81:11;121:6;162:22"
22,237,6,6,"81:11;121:6;162:22"
23,237,6,6,"81:11;121:6;162:22"
24,237,6,6,"81:11;121:6;162:22"
25,237,6,6,"81:11;121:6;162:22"
26,237,6,6,"81:11;121:6;162:22"
27,237,6,6,"81:11;121:6;162:22"
28,237,6,6,"81:11;121:6;162:22"
29,237,6,6,"81:11;121:6;162:22"
30,237,6,6,"81:11;121:6;162:22"
31,237,6,6,"81:11;121:6;162:22"
32,237,6,6,"81:11;121:6;162:22"
33,237,6,6,"81:11;121:6;162:22"
34,237,6,6,"81:11;121:6;162:22"
35,237,6,6,"81:11;121:6;162:22"
36,237,6,6,"81:11;121:6;162:22"
37,237,6,6,"81:11;121:6;162:22"
38,237,6,6,"81:11;121:6;162:22"
39,237,6,6,"81:11;121:6;162:22"
40,237,6,6,"81:11;121:6;162:22"
41,237,6,6,"81:11;121:6;162:22"
42,237,6,6,"81:11;121:6;162:22"
43,237,6,6,"81:11;121:6;162:22"
44,237,6,6,"81:11;121:6;162:22"
45,237,6,6,"81:11;121:6;162:22"
46,237,6,6,"81:11;121:6;162:22"
47,237,6,6,"81:11;121:6;162:22"
48,237,6,6,"81:11;121:6;162:22"
49,237,6,6,"81:11;121:6;162:22"
50,237,6,6,"81:11;121:6;162:22"
51,237,6,6,"81:11;121:6;162:22"
52,237,6,6,"81:11;121:6;162:22"
53,237,6,6,"81:11;121:6;162:22"
54,237,6,6,"81:11;121:6;162:22"
55,237,6,6,"81:11;121:6;162:22"
56,237,6,6,"81:11;121:6;162:22"
57,237,6,6,"81:11;121:6;162:22"
58,237,6,6,"81:11;121:6;162:22"
59,237,6,6,"81:11;121:6;162:22"
60,237,6,6,"81:11;121:6;162:22"
61,237,6,6,"81:11;121:6;162:22"
62,237,6,6,"81:11;121:6;162:22"
63,237,6,6,"81:11;121:6;162:22"
64,237,6,6,"81:11;121:6;162:22"
65,237,6,6,"81:11;121:6;162:22"
66,237,6,6,"81:11;121:6;162:22"
67,237,6,6,"81:11;121:6;162:22"
68,237,6,6,"81:11;121:6;162:22"
69,237,6,6,"81:11;121:6;162:22"
70,237,6,6,"81:11;121:6;162:22"
71,237,6,6,"81:11;121:6;162:22"
72,237,6,6,"81:11;121:6;162:22"
73,237,6,6,"81:11;121:6;162:22"
74,237,6,6,"81:11;121:6;162:22"
75,237,6,6,"81:11;121:6;162:22"
76,237,6,6,"81:11;121:6;162:22"
77,237,6,6,"81:11;121:6;162:22"
78,237,6,6,"81:11;121:6;162:22"
79,237,6,6,"81:11;121:6;162:22"
80,237,6,6,"81:11;121:6;162:22"
81,237,6,4,"81:11;121:6;162:22"
82,237,28,4,"121:6;162:22"
83,237,28,4,"121:6;162:22"
84,237,28,4,"121:6;162:22"
85,237,28,4,"121:6;162:22"
86,237,28,4,"121:6;162:22"
87,237,28,4,"121:6;162:22"
2,238,6,6,"81:11;121:6;162:22"
3,238,6,6,"81:11;121:6;162:22"
4,238,6,6,"81:11;121:6;162:22"
5,238,6,6,"81:11;121:6;162:22"
6,238,6,6,"81:11;121:6;162:22"
7,238,6,6,"81:11;121:6;162:22"
8,238,6,6,"81:11;121:6;162:22"
9,238,6,6,"81:11;121:6;162:22"
10,238,6,6,"81:11;121:6;162:22"
11,238,6,6,"81:11;121:6;162:22"
12,238,6,6,"81:11;121:6;162:22"
13,238,6,6,"81:11;121:6;162:22"
14,238,6,6,"81:11;121:6;162:22"
15,238,6,6,"81:11;121:6;162:22"
16,238,6,6,"81:11;121:6;162:22"
17,238,6,6,"81:11;121:6;162:22"
18,238,6,6,"81:11;121:6;162:22"
19,238,6,6,"81:11;121:6;162:22"
20,238,6,6,"81:11;121:6;162:22"
21,238,6,6,"81:11;121:6;162:22"
22,238,6,6,"81:11;121:6;162:22"
23,238,6,6,"81:11;121:6;162:22"
24,238,6,6,"81:11;121:6;162:22"
25,238,6,6,"81:11;121:6;162:22"
26,238,6,6,"81:11;121:6;162:22"
27,238,6,6,"81:11;121:6;162:22"
28,238,6,6,"81:11;121:6;162:22"
29,238,6,6,"81:11;121:6;162:22"
30,238,6,6,"81:11;121:6;162:22"
31,238,6,6,"81:11;121:6;162:22"
32,238,6,6,"81:11;121:6;162:22"
33,238,6,6,"81:11;121:6;162:22"
34,238,6,6,"81:11;121:6;162:22"
35,238,6,6,"81:11;121:6;162:22"
36,238,6,6,"81:11;121:6;162:22"
37,238,6,6,"81:11;121:6;162:22"
38,238,6,6,"81:11;121:6;162:22"
39,238,6,6,"81:11;121:6;162:22"
40,238,6,6,"81:11;121:6;162:22"
41,238,6,6,"81:11;121:6;162:22"
42,238,6,6,"81:11;121:6;162:22"
43,238,6,6,"81:11;121:6;162:22"
44,238,6,6,"81:11;121:6;162:22"
45,238,6,6,"81:11;121:6;162:22"
46,238,6,6,"81:11;121:6;162:22"
47,238,6,6,"81:11;121:6;162:22"
48,238,6,6,"81:11;121:6;162:22"
49,238,6,6,"81:11;121:6;162:22"
50,238,6,6,"81:11;121:6;162:22"
51,238,6,6,"81:11;121:6;162:22"
52,238,6,6,"81:11;121:6;162:22"
53,238,6,6,"81:11;121:6;162:22"
54,238,6,6,"81:11;121:6;162:22"
55,238,6,6,"81:11;121:6;162:22"
56,238,6,6,"81:11;121:6;162:22"
57,238,6,6,"81:11;121:6;162:22"
58,238,6,6,"81:11;121:6;162:22"
59,238,6,6,"81:11;121:6;162:22"
60,238,6,6,"81:11;121:6;162:22"
61,238,6,6,"81:11;121:6;162:22"
62,238,6,6,"81:11;121:6;162:22"
63,238,6,6,"81:11;121:6;162:22"
64,238,6,6,"81:11;121:6;162:22"
65,238,6,6,"81:11;121:6;162:22"
66,238,6,6,"81:11;121:6;162:22"
67,238,6,6,"81:11;121:6;162:22"
68,238,6,6,"81:11;121:6;162:22"
69,238,6,6,"81:11;121:6;162:22"
70,238,6,6,"81:11;121:6;162:22"
71,238,6,6,"81:11;121:6;162:22"
72,238,6,6,"81:11;121:6;162:22"
73,238,6,6,"81:11;121:6;162:22"
74,238,6,6,"81:11;121:6;162:22"
75,238,6,6,"81:11;121:6;162:22"
76,238,6,6,"81:11;121:6;162:22"
77,238,6,6,"81:11;121:6;162:22"
78,238,6,6,"81:11;121:6;162:22"
79,238,6,6,"81:11;121:6;162:22"
80,238,6,6,"81:11;121:6;162:22"
81,238,6,4,"81:11;121:6;162:22"
82,238,28,4,"121:6;162:22"
83,238,28,4,"121:6;162:22"
84,238,28,4,"121:6;162:22"
85,238,28,4,"121:6;162:22"
86,238,28,4,"121:6;162:22"
87,238,28,4,"121:6;162:22"
88,238,28,4,"121:6;162:22"
2,239,15,6,"81:22;121:15;162:11"
3,239,15,6,"81:22;121:15;162:11"
4,239,15,6,"81:22;121:15;162:11"
5,239,15,6,"81:22;121:15;162:11"
6,239,15,6,"81:22;121:15;162:11"
7,239,15,6,"81:22;121:15;162:11"
8,239,15,6,"81:22;121:15;162:11"
9,239,15,6,"81:22;121:15;162:11"
10,239,15,6,"81:22;121:15;162:11"
11,239,15,6,"81:22;121:15;162:11"
12,239,15,6,"81:22;121:15;162:11"
13,239,15,6,"81:22;121:15;162:11"
14,239,15,6,"81:22;121:15;162:11"
15,239,15,6,"81:22;121:15;162:11"
16,239,15,6,"81:22;121:15;162:11"
17,239,15,6,"81:22;121:15;162:11"
18,239,15,6,"81:22;121:15;162:11"
19,239,15,6,"81:22;121:15;162:11"
20,239,15,6,"81:22;121:15;162:11"
21,239,15,6,"81:22;121:15;162:11"
22,239,15,6,"81:22;121:15;162:11"
23,239,15,6,"81:22;121:15;162:11"
24,239,15,6,"81:22;121:15;162:11"
25,239,15,6,"81:22;121:15;162:11"
26,239,15,6,"81:22;121:15;162:11"
27,239,15,6,"81:22;121:15;162:11"
28,239,15,6,"81:22;121:15;162:11"
29,239,15,6,"81:22;121:15;162:11"
30,239,15,6,"81:22;121:15;162:11"
31,239,15,6,"81:22;121:15;162:11"
32,239,15,6,"81:22;121:15;162:11"
33,239,15,6,"81:22;121:15;162:11"
34,239,15,6,"81:22;121:15;162:11"
35,239,15,6,"81:22;121:15;162:11"
36,239,15,6,"81:22;121:15;162:11"
37,239,15,6,"81:22;121:15;162:11"
38,239,15,6,"81:22;121:15;162:11"
39,239,15,6,"81:22;121:15;162:11"
40,239,15,6,"81:22;121:15;162:11"
41,239,15,6,"81:22;121:15;162:11"
42,239,15,6,"81:22;121:15;162:11"
43,239,15,6,"81:22;121:15;162:11"
44,239,15,6,"81:22;121:15;162:11"
45,239,15,6,"81:22;121:15;162:11"
46,239,15,6,"81:22;121:15;162:11"
47,239,15,6,"81:22;121:15;162:11"
48,239,15,6,"81:22;121:15;162:11"
49,239,15,6,"81:22;121:15;162:11"
50,239,15,6,"81:22;121:15;162:11"
51,239,15,6,"81:22;121:15;162:11"
52,239,15,6,"81:22;121:15;162:11"
53,239,15,6,"81:22;121:15;162:11"
54,239,15,6,"81:22;121:15;162:11"
55,239,15,6,"81:22;121:15;162:11"
56,239,15,6,"81:22;121:15;162:11"
57,239,15,6,"81:22;121:15;162:11"
58,239,15,6,"81:22;121:15;162:11"
59,239,15,6,"81:22;121:15;162:11"
60,239,15,6,"81:22;121:15;162:11"
61,239,15,6,"81:22;121:15;162:11"
62,239,15,6,"81:22;121:15;162:11"
63,239,15,6,"81:22;121:15;162:11"
64,239,15,6,"81:22;121:15;162:11"
65,239,15,6,"81:22;121:15;162:11"
66,239,15,6,"81:22;121:15;162:11"
67,239,15,6,"81:22;121:15;162:11"
68,239,15,6,"81:22;121:15;162:11"
69,239,15,6,"81:22;121:15;162:11"
70,239,15,6,"81:22;121:15;162:11"
71,239,15,6,"81:22;121:15;162:11"
72,239,15,6,"81:22;121:15;162:11"
73,239,15,6,"81:22;121:15;162:11"
74,239,15,6,"81:22;121:15;162:11"
75,239,15,6,"81:22;121:15;162:11"
76,239,15,6,"81:22;121:15;162:11"
77,239,15,6,"81:22;121:15;162:11"
78,239,15,6,"81:22;121:15;162:11"
79,239,15,6,"81:22;121:15;162:11"
80,239,15,6,"81:22;121:15;162:11"
81,239,15,4,"81:22;121:15;162:11"
82,239,26,4,"121:15;162:11"
83,239,26,4,"121:15;162:11"
84,239,26,4,"121:15;162:11"
85,239,26,4,"121:15;162:11"
86,239,26,4,"121:15;162:11"
87,239,26,4,"121:15;162:11"
88,239,26,4,"121:15;162:11"
2,240,15,6,"81:22;121:15;162:11"
3,240,15,6,"81:22;121:15;162:11"
4,240,15,6,"81:22;121:15;162:11"
5,240,15,6,"81:22;121:15;162:11"
6,240,15,6,"81:22;121:15;162:11"
7,240,15,6,"81:22;121:15;162:11"
8,240,15,6,"81:22;121:15;162:11"
9,240,15,6,"81:22;121:15;162:11"
10,240,15,6,"81:22;121:15;162:11"
11,240,15,6,"81:22;121:15;162:11"
12,240,15,6,"81:22;121:15;162:11"
13,240,15,6,"81:22;121:15;162:11"
14,240,15,6,"81:22;121:15;162:11"
15,240,15,6,"81:22;121:15;162:11"
16,240,15,6,"81:22;121:15;162:11"
17,240,15,6,"81:22;121:15;162:11"
18,240,15,6,"81:22;121:15;162:11"
19,240,15,6,"81:22;121:15;162:11"
20,240,15,6,"81:22;121:15;162:11"
21,240,15,6,"81:22;121:15;162:11"
22,240,15,6,"81:22;121:15;162:11"
23,240,15,6,"81:22;121:15;162:11"
24,240,15,6,"81:22;121:15;162:11"
25,240,15,6,"81:22;121:15;162:11"
26,240,15,6,"81:22;121:15;162:11"
27,240,15,6,"81:22;121:15;162:11"
28,240,15,6,"81:22;121:15;162:11"
29,240,15,6,"81:22;121:15;162:11"
30,240,15,6,"81:22;121:15;162:11"
31,240,15,6,"81:22;121:15;162:11"
32,240,15,6,"81:22;121:15;162:11"
33,240,15,6,"81:22;121:15;162:11"
34,240,15,6,"81:22;121:15;162:11"
35,240,15,6,"81:22;121:15;162:11"
36,240,15,6,"81:22;121:15;162:11"
37,240,15,6,"81:22;121:15;162:11"
38,240,15,6,"81:22;121:15;162:11"
39,240,15,6,"81:22;121:15;162:11"
40,240,15,6,"81:22;121:15;162:11"
41,240,15,6,"81:22;121:15;162:11"
42,240,15,6,"81:22;121:15;162:11"
43,240,15,6,"81:22;121:15;162:11"
44,240,15,6,"81:22;121:15;162:11"
45,240,15,6,"81:22;121:15;162:11"
46,240,15,6,"81:22;121:15;162:11"
47,240,15,6,"81:22;121:15;162:11"
48,240,15,6,"81:22;121:15;162:11"
49,240,15,6,"81:22;121:15;162:11"
50,240,15,6,"81:22;121:15;162:11"
51,240,15,6,"81:22;121:15;162:11"
52,240,15,6,"81:22;121:15;162:11"
53,240,15,6,"81:22;121:15;162:11"
54,240,15,6,"81:22;121:15;162:11"
55,240,15,6,"81:22;121:15;162:11"
56,240,15,6,"81:22;121:15;162:11"
57,240,15,6,"81:22;121:15;162:11"
58,240,15,6,"81:22;121:15;162:11"
59,240,15,6,"81:22;121:15;162:11"
60,240,15,6,"81:22;121:15;162:11"
61,240,15,6,"81:22;121:15;162:11"
62,240,15,6,"81:22;121:15;162:11"
63,240,15,6,"81:22;121:15;162:11"
64,240,15,6,"81:22;121:15;162:11"
65,240,15,6,"81:22;121:15;162:11"
66,240,15,6,"81:22;121:15;162:11"
67,240,15,6,"81:22;121:15;162:11"
68,240,15,6,"81:22;121:15;162:11"
69,240,15,6,"81:22;121:15;162:11"
70,240,15,6,"81:22;121:15;162:11"
71,240,15,6,"81:22;121:15;162:11"
72,240,15,6,"81:22;121:15;162:11"
73,240,15,6,"81:22;121:15;162:11"
74,240,15,6,"81:22;121:15;162:11"
75,240,15,6,"81:22;121:15;162:11"
76,240,15,6,"81:22;121:15;162:11"
77,240,15,6,"81:22;121:15;162:11"
78,240,15,6,"81:22;121:15;162:11"
79,240,15,6,"81:22;121:15;162:11"
80,240,15,6,"81:22;121:15;162:11"
81,240,15,4,"81:22;121:15;162:11"
82,240,26,4,"121:15;162:11"
83,240,26,4,"121:15;162:11"
84,240,26,4,"121:15;162:11"
85,240,26,4,"121:15;162:11"
86,240,26,4,"121:15;162:11"
87,240,26,4,"121:15;162:11"
88,240,26,4,"121:15;162:11"
2,241,18,6,"81:22;121:18;162:11"
3,241,18,6,"81:22;121:18;162:11"
4,241,18,6,"81:22;121:18;162:11"
5,241,18,6,"81:22;121:18;162:11"
6,241,18,6,"81:22;121:18;162:11"
7,241,18,6,"81:22;121:18;162:11"
8,241,18,6,"81:22;121:18;162:11"
9,241,18,6,"81:22;121:18;162:11"
10,241,18,6,"81:22;121:18;162:11"
11,241,18,6,"81:22;121:18;162:11"
12,241,18,6,"81:22;121:18;162:11"
13,241,18,6,"81:22;121:18;162:11"
14,241,18,6,"81:22;121:18;162:11"
15,241,18,6,"81:22;121:18;162:11"
16,241,18,6,"81:22;121:18;162:11"
17,241,18,6,"81:22;121:18;162:11"
18,241,18,6,"81:22;121:18;162:11"
19,241,18,6,"81:22;121:18;162:11"
20,241,18,6,"81:22;121:18;162:11"
21,241,18,6,"81:22;121:18;162:11"
22,241,18,6,"81:22;121:18;162:11"
23,241,18,6,"81:22;121:18;162:11"
24,241,18,6,"81:22;121:18;162:11"
25,241,18,6,"81:22;121:18;162:11"
26,241,18,6,"81:22;121:18;162:11"
27,241,18,6,"81:22;121:18;162:11"
28,241,18,6,"81:22;121:18;162:11"
29,241,18,6,"81:22;121:18;162:11"
30,241,18,6,"81:22;121:18;162:11"
31,241,18,6,"81:22;121:18;162:11"
32,241,18,6,"81:22;121:18;162:11"
33,241,18,6,"81:22;121:18;162:11"
34,241,18,6,"81:22;121:18;162:11"
35,241,18,6,"81:22;121:18;162:11"
36,241,18,6,"81:22;121:18;162:11"
37,241,18,6,"81:22;121:18;162:11"
38,241,18,6,"81:22;121:18;162:11"
39,241,18,6,"81:22;121:18;162:11"
40,241,18,6,"81:22;121:18;162:11"
41,241,18,6,"81:22;121:18;162:11"
42,241,18,6,"81:22;121:18;162:11"
43,241,18,6,"81:22;121:18;162:11"
44,241,18,6,"81:22;121:18;162:11"
45,241,18,6,"81:22;121:18;162:11"
46,241,18,6,"81:22;121:18;162:11"
47,241,18,6,"81:22;121:18;162:11"
48,241,18,6,"81:22;121:18;162:11"
49,241,18,6,"81:22;121:18;162:11"
50,241,18,6,"81:22;121:18;162:11"
51,241,18,6,"81:22;121:18;162:11"
52,241,18,6,"81:22;121:18;162:11"
53,241,18,6,"81:22;121:18;162:11"
54,241,18,6,"81:22;121:18;162:11"
55,241,18,6,"81:22;121:18;162:11"
56,241,18,6,"81:22;121:18;162:11"
57,241,18,6,"81:22;121:18;162:11"
58,241,18,6,"81:22;121:18;162:11"
59,241,18,6,"81:22;121:18;162:11"
60,241,18,6,"81:22;121:18;162:11"
61,241,18,6,"81:22;121:18;162:11"
62,241,18,6,"81:22;121:18;162:11"
63,241,18,6,"81:22;121:18;162:11"
64,241,18,6,"81:22;121:18;162:11"
65,241,18,6,"81:22;121:18;162:11"
66,241,18,6,"81:22;121:18;162:11"
67,241,18,6,"81:22;121:18;162:11"
68,241,18,6,"81:22;121:18;162:11"
69,241,18,6,"81:22;121:18;162:11"
70,241,18,6,"81:22;121:18;162:11"
71,241,18,6,"81:22;121:18;162:11"
72,241,18,6,"81:22;121:18;162:11"
73,241,18,6,"81:22;121:18;162:11"
74,241,18,6,"81:22;121:18;162:11"
75,241,18,6,"81:22;121:18;162:11"
76,241,18,6,"81:22;121:18;162:11"
77,241,18,6,"81:22;121:18;162:11"
78,241,18,6,"81:22;121:18;162:11"
79,241,18,6,"81:22;121:18;162:11"
80,241,18,6,"81:22;121:18;162:11"
81,241,18,4,"81:22;121:18;162:11"
82,241,29,4,"121:18;162:11"
83,241,29,4,"121:18;162:11"
84,241,29,4,"121:18;162:11"
85,241,29,4,"121:18;162:11"
86,241,29,4,"121:18;162:11"
87,241,29,4,"121:18;162:11"
88,241,29,4,"121:18;162:11"
89,241,29,4,"121:18;162:11"
2,363,11,6,"121:3;242:18;243:11;363:12"
3,363,11,6,"121:3;242:18;243:11;363:12"
4,363,11,6,"121:3;242:18;243:11;363:12"
5,363,11,6,"121:3;242:18;243:11;363:12"
6,363,11,6,"121:3;242:18;243:11;363:12"
7,363,11,6,"121:3;242:18;243:11;363:12"
8,363,11,6,"121:3;242:18;243:11;363:12"
9,363,11,6,"121:3;242:18;243:11;363:12"
10,363,11,6,"121:3;242:18;243:11;363:12"
11,363,11,6,"121:3;242:18;243:11;363:12"
12,363,11,6,"121:3;242:18;243:11;363:12"
13,363,11,6,"121:3;242:18;243:11;363:12"
14,363,11,6,"121:3;242:18;243:11;363:12"
15,363,11,6,"121:3;242:18;243:11;363:12"
16,363,11,6,"121:3;242:18;243:11;363:12"
17,363,11,6,"121:3;242:18;243:11;363:12"
18,363,11,6,"121:3;242:18;243:11;363:12"
19,363,11,6,"121:3;242:18;243:11;363:12"
20,363,11,6,"121:3;242:18;243:11;363:12"
21,363,11,6,"121:3;242:18;243:11;363:12"
22,363,11,6,"121:3;242:18;243:11;363:12"
23,363,11,6,"121:3;242:18;243:11;363:12"
24,363,11,6,"121:3;242:18;243:11;363:12"
25,363,11,6,"121:3;242:18;243:11;363:12"
26,363,11,6,"121:3;242:18;243:11;363:12"
27,363,11,6,"121:3;242:18;243:11;363:12"
28,363,11,6,"121:3;242:18;243:11;363:12"
29,363,11,6,"121:3;242:18;243:11;363:12"
30,363,11,6,"121:3;242:18;243:11;363:12"
31,363,11,6,"121:3;242:18;243:11;363:12"
32,363,11,6,"121:3;242:18;243:11;363:12"
33,363,11,6,"121:3;242:18;243:11;363:12"
34,363,11,6,"121:3;242:18;243:11;363:12"
35,363,11,6,"121:3;242:18;243:11;363:12"
36,363,11,6,"121:3;242:18;243:11;363:12"
37,363,11,6,"121:3;242:18;243:11;363:12"
38,363,11,6,"121:3;242:18;243:11;363:12"
39,363,11,6,"121:3;242:18;243:11;363:12"
40,363,11,6,"121:3;242:18;243:11;363:12"
41,363,11,6,"121:3;242:18;243:11;363:12"
42,363,11,6,"121:3;242:18;243:11;363:12"
43,363,11,6,"121:3;242:18;243:11;363:12"
44,363,11,6,"121:3;242:18;243:11;363:12"
45,363,11,6,"121:3;242:18;243:11;363:12"
46,363,11,6,"121:3;242:18;243:11;363:12"
47,363,11,6,"121:3;242:18;243:11;363:12"
48,363,11,6,"121:3;242:18;243:11;363:12"
49,363,11,6,"121:3;242:18;243:11;363:12"
50,363,11,6,"121:3;242:18;243:11;363:12"
51,363,11,6,"121:3;242:18;243:11;363:12"
52,363,11,6,"121:3;242:18;243:11;363:12"
53,363,11,6,"121:3;242:18;243:11;363:12"
54,363,11,6,"121:3;242:18;243:11;363:12"
55,363,11,6,"121:3;242:18;243:11;363:12"
56,363,11,6,"121:3;242:18;243:11;363:12"
57,363,11,6,"121:3;242:18;243:11;363:12"
58,363,11,6,"121:3;242:18;243:11;363:12"
59,363,11,6,"121:3;242:18;243:11;363:12"
60,363,11,6,"121:3;242:18;243:11;363:12"
61,363,11,6,"121:3;242:18;243:11;363:12"
62,363,11,6,"121:3;242:18;243:11;363:12"
63,363,11,6,"121:3;242:18;243:11;363:12"
64,363,11,6,"121:3;242:18;243:11;363:12"
65,363,11,6,"121:3;242:18;243:11;363:12"
66,363,11,6,"121:3;242:18;243:11;363:12"
67,363,11,6,"121:3;242:18;243:11;363:12"
68,363,11,6,"121:3;242:18;243:11;363:12"
69,363,11,6,"121:3;242:18;243:11;363:12"
70,363,11,6,"121:3;242:18;243:11;363:12"
71,363,11,6,"121:3;242:18;243:11;363:12"
72,363,11,6,"121:3;242:18;243:11;363:12"
73,363,11,6,"121:3;242:18;243:11;363:12"
74,363,11,6,"121:3;242:18;243:11;363:12"
75,363,11,6,"121:3;242:18;243:11;363:12"
76,363,11,6,"121:3;242:18;243:11;363:12"
77,363,11,6,"121:3;242:18;243:11;363:12"
78,363,11,6,"121:3;242:18;243:11;363:12"
79,363,11,6,"121:3;242:18;243:11;363:12"
80,363,11,6,"121:3;242:18;243:11;363:12"
81,363,11,6,"121:3;242:18;243:11;363:12"
82,363,11,6,"121:3;242:18;243:11;363:12"
83,363,11,6,"121:3;242:18;243:11;363:12"
84,363,11,6,"121:3;242:18;243:11;363:12"
85,363,11,6,"121:3;242:18;243:11;363:12"
86,363,11,6,"121:3;242:18;243:11;363:12"
87,363,11,6,"121:3;242:18;243:11;363:12"
88,363,11,6,"121:3;242:18;243:11;363:12"
89,363,11,6,"121:3;242:18;243:11;363:12"
90,363,11,6,"121:3;242:18;243:11;363:12"
91,363,11,6,"121:3;242:18;243:11;363:12"
92,363,11,6,"121:3;242:18;243:11;363:12"
93,363,11,6,"121:3;242:18;243:11;363:12"
94,363,11,6,"121:3;242:18;243:11;363:12"
95,363,11,6,"121:3;242:18;243:11;363:12"
96,363,11,6,"121:3;242:18;243:11;363:12"
97,363,11,6,"121:3;242:18;243:11;363:12"
98,363,11,6,"121:3;242:18;243:11;363:12"
99,363,11,6,"121:3;242:18;243:11;363:12"
100,363,11,6,"121:3;242:18;243:11;363:12"
101,363,11,6,"121:3;242:18;243:11;363:12"
102,363,11,6,"121:3;242:18;243:11;363:12"
103,363,11,6,"121:3;242:18;243:11;363:12"
104,363,11,6,"121:3;242:18;243:11;363:12"
105,363,11,6,"121:3;242:18;243:11;363:12"
106,363,11,6,"121:3;242:18;243:11;363:12"
107,363,11,6,"121:3;242:18;243:11;363:12"
108,363,11,6,"121:3;242:18;243:11;363:12"
109,363,11,6,"121:3;242:18;243:11;363:12"
110,363,11,6,"121:3;242:18;243:11;363:12"
111,363,11,6,"121:3;242:18;243:11;363:12"
112,363,11,6,"121:3;242:18;243:11;363:12"
113,363,11,6,"121:3;242:18;243:11;363:12"
114,363,11,6,"121:3;242:18;243:11;363:12"
115,363,11,6,"121:3;242:18;243:11;363:12"
116,363,11,6,"121:3;242:18;243:11;363:12"
117,363,11,6,"121:3;242:18;243:11;363:12"
118,363,11,6,"121:3;242:18;243:11;363:12"
119,363,11,6,"121:3;242:18;243:11;363:12"
120,363,11,6,"121:3;242:18;243:11;363:12"
121,363,11,3,"121:3;242:18;243:11;363:12"
2,364,11,11,"121:3;242:18;243:11;363:12"
3,364,11,11,"121:3;242:18;243:11;363:12"
4,364,11,11,"121:3;242:18;243:11;363:12"
5,364,11,11,"121:3;242:18;243:11;363:12"
6,364,11,11,"121:3;242:18;243:11;363:12"
7,364,11,11,"121:3;242:18;243:11;363:12"
8,364,11,11,"121:3;242:18;243:11;363:12"
9,364,11,11,"121:3;242:18;243:11;363:12"
10,364,11,11,"121:3;242:18;243:11;363:12"
11,364,11,11,"121:3;242:18;243:11;363:12"
12,364,11,11,"121:3;242:18;243:11;363:12"
13,364,11,11,"121:3;242:18;243:11;363:12"
14,364,11,11,"121:3;242:18;243:11;363:12"
15,364,11,11,"121:3;242:18;243:11;363:12"
16,364,11,11,"121:3;242:18;243:11;363:12"
17,364,11,11,"121:3;242:18;243:11;363:12"
18,364,11,11,"121:3;242:18;243:11;363:12"
19,364,11,11,"121:3;242:18;243:11;363:12"
20,364,11,11,"121:3;242:18;243:11;363:12"
21,364,11,11,"121:3;242:18;243:11;363:12"
22,364,11,11,"121:3;242:18;243:11;363:12"
23,364,11,11,"121:3;242:18;243:11;363:12"
24,364,11,11,"121:3;242:18;243:11;363:12"
25,364,11,11,"121:3;242:18;243:11;363:12"
26,364,11,11,"121:3;242:18;243:11;363:12"
27,364,11,11,"121:3;242:18;243:11;363:12"
28,364,11,11,"121:3;242:18;243:11;363:12"
29,364,11,11,"121:3;242:18;243:11;363:12"
30,364,11,11,"121:3;242:18;243:11;363:12"
31,364,11,11,"121:3;242:18;243:11;363:12"
32,364,11,11,"121:3;242:18;243:11;363:12"
33,364,11,11,"121:3;242:18;243:11;363:12"
34,364,11,11,"121:3;242:18;243:11;363:12"
35,364,11,11,"121:3;242:18;243:11;363:12"
36,364,11,11,"121:3;242:18;243:11;363:12"
37,364,11,11,"121:3;242:18;243:11;363:12"
38,364,11,11,"121:3;242:18;243:11;363:12"
39,364,11,11,"121:3;242:18;243:11;363:12"
40,364,11,11,"121:3;242:18;243:11;363:12"
41,364,11,11,"121:3;242:18;243:11;363:12"
42,364,11,11,"121:3;242:18;243:11;363:12"
43,364,11,11,"121:3;242:18;243:11;363:12"
44,364,11,11,"121:3;242:18;243:11;363:12"
45,364,11,11,"121:3;242:18;243:11;363:12"
46,364,11,11,"121:3;242:18;243:11;363:12"
47,364,11,11,"121:3;242:18;243:11;363:12"
48,364,11,11,"121:3;242:18;243:11;363:12"
49,364,11,11,"121:3;242:18;243:11;363:12"
50,364,11,11,"121:3;242:18;243:11;363:12"
51,364,11,11,"121:3;242:18;243:11;363:12"
52,364,11,11,"121:3;242:18;243:11;363:12"
53,364,11,11,"121:3;242:18;243:11;363:12"
54,364,11,11,"121:3;242:18;243:11;363:12"
55,364,11,11,"121:3;242:18;243:11;363:12"
56,364,11,11,"121:3;242:18;243:11;363:12"
57,364,11,11,"121:3;242:18;243:11;363:12"
58,364,11,11,"121:3;242:18;243:11;363:12"
59,364,11,11,"121:3;242:18;243:11;363:12"
60,364,11,11,"121:3;242:18;243:11;363:12"
61,364,11,11,"121:3;242:18;243:11;363:12"
62,364,11,11,"121:3;242:18;243:11;363:12"
63,364,11,11,"121:3;242:18;243:11;363:12"
64,364,11,11,"121:3;242:18;243:11;363:12"
65,364,11,11,"121:3;242:18;243:11;363:12"
66,364,11,11,"121:3;242:18;243:11;363:12"
67,364,11,11,"121:3;242:18;243:11;363:12"
68,364,11,11,"121:3;242:18;243:11;363:12"
69,364,11,11,"121:3;242:18;243:11;363:12"
70,364,11,11,"121:3;242:18;243:11;363:12"
71,364,11,11,"121:3;242:18;243:11;363:12"
72,364,11,11,"121:3;242:18;243:11;363:12"
73,364,11,11,"121:3;242:18;243:11;363:12"
74,364,11,11,"121:3;242:18;243:11;363:12"
75,364,11,11,"121:3;242:18;243:11;363:12"
76,364,11,11,"121:3;242:18;243:11;363:12"
77,364,11,11,"121:3;242:18;243:11;363:12"
78,364,11,11,"121:3;242:18;243:11;363:12"
79,364,11,11,"121:3;242:18;243:11;363:12"
80,364,11,11,"121:3;242:18;243:11;363:12"
81,364,11,11,"121:3;242:18;243:11;363:12"
82,364,11,11,"121:3;242:18;243:11;363:12"
83,364,11,11,"121:3;242:18;243:11;363:12"
84,364,11,11,"121:3;242:18;243:11;363:12"
85,364,11,11,"121:3;242:18;243:11;363:12"
86,364,11,11,"121:3;242:18;243:11;363:12"
87,364,11,11,"121:3;242:18;243:11;363:12"
88,364,11,11,"121:3;242:18;243:11;363:12"
89,364,11,11,"121:3;242:18;243:11;363:12"
90,364,11,11,"121:3;242:18;243:11;363:12"
91,364,11,11,"121:3;242:18;243:11;363:12"
92,364,11,11,"121:3;242:18;243:11;363:12"
93,364,11,11,"121:3;242:18;243:11;363:12"
94,364,11,11,"121:3;242:18;243:11;363:12"
95,364,11,11,"121:3;242:18;243:11;363:12"
96,364,11,11,"121:3;242:18;243:11;363:12"
97,364,11,11,"121:3;242:18;243:11;363:12"
98,364,11,11,"121:3;242:18;243:11;363:12"
99,364,11,11,"121:3;242:18;243:11;363:12"
100,364,11,11,"121:3;242:18;243:11;363:12"
101,364,11,11,"121:3;242:18;243:11;363:12"
102,364,11,11,"121:3;242:18;243:11;363:12"
103,364,11,11,"121:3;242:18;243:11;363:12"
104,364,11,11,"121:3;242:18;243:11;363:12"
105,364,11,11,"121:3;242:18;243:11;363:12"
106,364,11,11,"121:3;242:18;243:11;363:12"
107,364,11,11,"121:3;242:18;243:11;363:12"
108,364,11,11,"121:3;242:18;243:11;363:12"
109,364,11,11,"121:3;242:18;243:11;363:12"
110,364,11,11,"121:3;242:18;243:11;363:12"
111,364,11,11,"121:3;242:18;243:11;363:12"
112,364,11,11,"121:3;242:18;243:11;363:12"
113,364,11,11,"121:3;242:18;243:11;363:12"
114,364,11,11,"121:3;242:18;243:11;363:12"
115,364,11,11,"121:3;242:18;243:11;363:12"
116,364,11,11,"121:3;242:18;243:11;363:12"
117,364,11,11,"121:3;242:18;243:11;363:12"
118,364,11,11,"121:3;242:18;243:11;363:12"
119,364,11,11,"121:3;242:18;243:11;363:12"
120,364,11,11,"121:3;242:18;243:11;363:12"
121,364,11,6,"121:3;242:18;243:11;363:12"
2,365,11,11,"121:3;242:18;243:11;363:12"
3,365,11,11,"121:3;242:18;243:11;363:12"
4,365,11,11,"121:3;242:18;243:11;363:12"
5,365,11,11,"121:3;242:18;243:11;363:12"
6,365,11,11,"121:3;242:18;243:11;363:12"
7,365,11,11,"121:3;242:18;243:11;363:12"
8,365,11,11,"121:3;242:18;243:11;363:12"
9,365,11,11,"121:3;242:18;243:11;363:12"
10,365,11,11,"121:3;242:18;243:11;363:12"
11,365,11,11,"121:3;242:18;243:11;363:12"
12,365,11,11,"121:3;242:18;243:11;363:12"
13,365,11,11,"121:3;242:18;243:11;363:12"
14,365,11,11,"121:3;242:18;243:11;363:12"
15,365,11,11,"121:3;242:18;243:11;363:12"
16,365,11,11,"121:3;242:18;243:11;363:12"
17,365,11,11,"121:3;242:18;243:11;363:12"
18,365,11,11,"121:3;242:18;243:11;363:12"
19,365,11,11,"121:3;242:18;243:11;363:12"
20,365,11,11,"121:3;242:18;243:11;363:12"
21,365,11,11,"121:3;242:18;243:11;363:12"
22,365,11,11,"121:3;242:18;243:11;363:12"
23,365,11,11,"121:3;242:18;243:11;363:12"
24,365,11,11,"121:3;242:18;243:11;363:12"
25,365,11,11,"121:3;242:18;243:11;363:12"
26,365,11,11,"121:3;242:18;243:11;363:12"
27,365,11,11,"121:3;242:18;243:11;363:12"
28,365,11,11,"121:3;242:18;243:11;363:12"
29,365,11,11,"121:3;242:18;243:11;363:12"
30,365,11,11,"121:3;242:18;243:11;363:12"
31,365,11,11,"121:3;242:18;243:11;363:12"
32,365,11,11,"121:3;242:18;243:11;363:12"
33,365,11,11,"121:3;242:18;243:11;363:12"
34,365,11,11,"121:3;242:18;243:11;363:12"
35,365,11,11,"121:3;242:18;243:11;363:12"
36,365,11,11,"121:3;242:18;243:11;363:12"
37,365,11,11,"121:3;242:18;243:11;363:12"
38,365,11,11,"121:3;242:18;243:11;363:12"
39,365,11,11,"121:3;242:18;243:11;363:12"
40,365,11,11,"121:3;242:18;243:11;363:12"
41,365,11,11,"121:3;242:18;243:11;363:12"
42,365,11,11,"121:3;242:18;243:11;363:12"
43,365,11,11,"121:3;242:18;243:11;363:12"
44,365,11,11,"121:3;242:18;243:11;363:12"
45,365,11,11,"121:3;242:18;243:11;363:12"
46,365,11,11,"121:3;242:18;243:11;363:12"
47,365,11,11,"121:3;242:18;243:11;363:12"
48,365,11,11,"121:3;242:18;243:11;363:12"
49,365,11,11,"121:3;242:18;243:11;363:12"
50,365,11,11,"121:3;242:18;243:11;363:12"
51,365,11,11,"121:3;242:18;243:11;363:12"
52,365,11,11,"121:3;242:18;243:11;363:12"
53,365,11,11,"121:3;242:18;243:11;363:12"
54,365,11,11,"121:3;242:18;243:11;363:12"
55,365,11,11,"121:3;242:18;243:11;363:12"
56,365,11,11,"121:3;242:18;243:11;363:12"
57,365,11,11,"121:3;242:18;243:11;363:12"
58,365,11,11,"121:3;242:18;243:11;363:12"
59,365,11,11,"121:3;242:18;243:11;363:12"
60,365,11,11,"121:3;242:18;243:11;363:12"
61,365,11,11,"121:3;242:18;243:11;363:12"
62,365,11,11,"121:3;242:18;243:11;363:12"
63,365,11,11,"121:3;242:18;243:11;363:12"
64,365,11,11,"121:3;242:18;243:11;363:12"
65,365,11,11,"121:3;242:18;243:11;363:12"
66,365,11,11,"121:3;242:18;243:11;363:12"
67,365,11,11,"121:3;242:18;243:11;363:12"
68,365,11,11,"121:3;242:18;243:11;363:12"
69,365,11,11,"121:3;242:18;243:11;363:12"
70,365,11,11,"121:3;242:18;243:11;363:12"
71,365,11,11,"121:3;242:18;243:11;363:12"
72,365,11,11,"121:3;242:18;243:11;363:12"
73,365,11,11,"121:3;242:18;243:11;363:12"
74,365,11,11,"121:3;242:18;243:11;363:12"
75,365,11,11,"121:3;242:18;243:11;363:12"
76,365,11,11,"121:3;242:18;243:11;363:12"
77,365,11,11,"121:3;242:18;243:11;363:12"
78,365,11,11,"121:3;242:18;243:11;363:12"
79,365,11,11,"121:3;242:18;243:11;363:12"
80,365,11,11,"121:3;242:18;243:11;363:12"
81,365,11,11,"121:3;242:18;243:11;363:12"
82,365,11,11,"121:3;242:18;243:11;363:12"
83,365,11,11,"121:3;242:18;243:11;363:12"
84,365,11,11,"121:3;242:18;243:11;363:12"
85,365,11,11,"121:3;242:18;243:11;363:12"
86,365,11,11,"121:3;242:18;243:11;363:12"
87,365,11,11,"121:3;242:18;243:11;363:12"
88,365,11,11,"121:3;242:18;243:11;363:12"
89,365,11,11,"121:3;242:18;243:11;363:12"
90,365,11,11,"121:3;242:18;243:11;363:12"
91,365,11,11,"121:3;242:18;243:11;363:12"
92,365,11,11,"121:3;242:18;243:11;363:12"
93,365,11,11,"121:3;242:18;243:11;363:12"
94,365,11,11,"121:3;242:18;243:11;363:12"
95,365,11,11,"121:3;242:18;243:11;363:12"
96,365,11,11,"121:3;242:18;243:11;363:12"
97,365,11,11,"121:3;242:18;243:11;363:12"
98,365,11,11,"121:3;242:18;243:11;363:12"
99,365,11,11,"121:3;242:18;243:11;363:12"
100,365,11,11,"121:3;242:18;243:11;363:12"
101,365,11,11,"121:3;242:18;243:11;363:12"
102,365,11,11,"121:3;242:18;243:11;363:12"
103,365,11,11,"121:3;242:18;243:11;363:12"
104,365,11,11,"121:3;242:18;243:11;363:12"
105,365,11,11,"121:3;242:18;243:11;363:12"
106,365,11,11,"121:3;242:18;243:11;363:12"
107,365,11,11,"121:3;242:18;243:11;363:12"
108,365,11,11,"121:3;242:18;243:11;363:12"
109,365,11,11,"121:3;242:18;243:11;363:12"
110,365,11,11,"121:3;242:18;243:11;363:12"
111,365,11,11,"121:3;242:18;243:11;363:12"
112,365,11,11,"121:3;242:18;243:11;363:12"
113,365,11,11,"121:3;242:18;243:11;363:12"
114,365,11,11,"121:3;242:18;243:11;363:12"
115,365,11,11,"121:3;242:18;243:11;363:12"
116,365,11,11,"121:3;242:18;243:11;363:12"
117,365,11,11,"121:3;242:18;243:11;363:12"
118,365,11,11,"121:3;242:18;243:11;363:12"
119,365,11,11,"121:3;242:18;243:11;363:12"
120,365,11,11,"121:3;242:18;243:11;363:12"
121,365,11,6,"121:3;242:18;243:11;363:12"
2,366,11,11,"121:3;242:18;243:11;363:12"
3,366,11,11,"121:3;242:18;243:11;363:12"
4,366,11,11,"121:3;242:18;243:11;363:12"
5,366,11,11,"121:3;242:18;243:11;363:12"
6,366,11,11,"121:3;242:18;243:11;363:12"
7,366,11,11,"121:3;242:18;243:11;363:12"
8,366,11,11,"121:3;242:18;243:11;363:12"
9,366,11,11,"121:3;242:18;243:11;363:12"
10,366,11,11,"121:3;242:18;243:11;363:12"
11,366,11,11,"121:3;242:18;243:11;363:12"
12,366,11,11,"121:3;242:18;243:11;363:12"
13,366,11,11,"121:3;242:18;243:11;363:12"
14,366,11,11,"121:3;242:18;243:11;363:12"
15,366,11,11,"121:3;242:18;243:11;363:12"
16,366,11,11,"121:3;242:18;243:11;363:12"
17,366,11,11,"121:3;242:18;243:11;363:12"
18,366,11,11,"121:3;242:18;243:11;363:12"
19,366,11,11,"121:3;242:18;243:11;363:12"
20,366,11,11,"121:3;242:18;243:11;363:12"
21,366,11,11,"121:3;242:18;243:11;363:12"
22,366,11,11,"121:3;242:18;243:11;363:12"
23,366,11,11,"121:3;242:18;243:11;363:12"
24,366,11,11,"121:3;242:18;243:11;363:12"
25,366,11,11,"121:3;242:18;243:11;363:12"
26,366,11,11,"121:3;242:18;243:11;363:12"
27,366,11,11,"121:3;242:18;243:11;363:12"
28,366,11,11,"121:3;242:18;243:11;363:12"
29,366,11,11,"121:3;242:18;243:11;363:12"
30,366,11,11,"121:3;242:18;243:11;363:12"
31,366,11,11,"121:3;242:18;243:11;363:12"
32,366,11,11,"121:3;242:18;243:11;363:12"
33,366,11,11,"121:3;242:18;243:11;363:12"
34,366,11,11,"121:3;242:18;243:11;363:12"
35,366,11,11,"121:3;242:18;243:11;363:12"
36,366,11,11,"121:3;242:18;243:11;363:12"
37,366,11,11,"121:3;242:18;243:11;363:12"
38,366,11,11,"121:3;242:18;243:11;363:12"
39,366,11,11,"121:3;242:18;243:11;363:12"
40,366,11,11,"121:3;242:18;243:11;363:12"
41,366,11,11,"121:3;242:18;243:11;363:12"
42,366,11,11,"121:3;242:18;243:11;363:12"
43,366,11,11,"121:3;242:18;243:11;363:12"
44,366,11,11,"121:3;242:18;243:11;363:12"
45,366,11,11,"121:3;242:18;243:11;363:12"
46,366,11,11,"121:3;242:18;243:11;363:12"
47,366,11,11,"121:3;242:18;243:11;363:12"
48,366,11,11,"121:3;242:18;243:11;363:12"
49,366,11,11,"121:3;242:18;243:11;363:12"
50,366,11,11,"121:3;242:18;243:11;363:12"
51,366,11,11,"121:3;242:18;243:11;363:12"
52,366,11,11,"121:3;242:18;243:11;363:12"
53,366,11,11,"121:3;242:18;243:11;363:12"
54,366,11,11,"121:3;242:18;243:11;363:12"
55,366,11,11,"121:3;242:18;243:11;363:12"
56,366,11,11,"121:3;242:18;243:11;363:12"
57,366,11,11,"121:3;242:18;243:11;363:12"
58,366,11,11,"121:3;242:18;243:11;363:12"
59,366,11,11,"121:3;242:18;243:11;363:12"
60,366,11,11,"121:3;242:18;243:11;363:12"
61,366,11,11,"121:3;242:18;243:11;363:12"
62,366,11,11,"121:3;242:18;243:11;363:12"
63,366,11,11,"121:3;242:18;243:11;363:12"
64,366,11,11,"121:3;242:18;243:11;363:12"
65,366,11,11,"121:3;242:18;243:11;363:12"
66,366,11,11,"121:3;242:18;243:11;363:12"
67,366,11,11,"121:3;242:18;243:11;363:12"
68,366,11,11,"121:3;242:18;243:11;363:12"
69,366,11,11,"121:3;242:18;243:11;363:12"
70,366,11,11,"121:3;242:18;243:11;363:12"
71,366,11,11,"121:3;242:18;243:11;363:12"
72,366,11,11,"121:3;242:18;243:11;363:12"
73,366,11,11,"121:3;242:18;243:11;363:12"
74,366,11,11,"121:3;242:18;243:11;363:12"
75,366,11,11,"121:3;242:18;243:11;363:12"
76,366,11,11,"121:3;242:18;243:11;363:12"
77,366,11,11,"121:3;242:18;243:11;363:12"
78,366,11,11,"121:3;242:18;243:11;363:12"
79,366,11,11,"121:3;242:18;243:11;363:12"
80,366,11,11,"121:3;242:18;243:11;363:12"
81,366,11,11,"121:3;242:18;243:11;363:12"
82,366,11,11,"121:3;242:18;243:11;363:12"
83,366,11,11,"121:3;242:18;243:11;363:12"
84,366,11,11,"121:3;242:18;243:11;363:12"
85,366,11,11,"121:3;242:18;243:11;363:12"
86,366,11,11,"121:3;242:18;243:11;363:12"
87,366,11,11,"121:3;242:18;243:11;363:12"
88,366,11,11,"121:3;242:18;243:11;363:12"
89,366,11,11,"121:3;242:18;243:11;363:12"
90,366,11,11,"121:3;242:18;243:11;363:12"
91,366,11,11,"121:3;242:18;243:11;363:12"
92,366,11,11,"121:3;242:18;243:11;363:12"
93,366,11,11,"121:3;242:18;243:11;363:12"
94,366,11,11,"121:3;242:18;243:11;363:12"
95,366,11,11,"121:3;242:18;243:11;363:12"
96,366,11,11,"121:3;242:18;243:11;363:12"
97,366,11,11,"121:3;242:18;243:11;363:12"
98,366,11,11,"121:3;242:18;243:11;363:12"
99,366,11,11,"121:3;242:18;243:11;363:12"
100,366,11,11,"121:3;242:18;243:11;363:12"
101,366,11,11,"121:3;242:18;243:11;363:12"
102,366,11,11,"121:3;242:18;243:11;363:12"
103,366,11,11,"121:3;242:18;243:11;363:12"
104,366,11,11,"121:3;242:18;243:11;363:12"
105,366,11,11,"121:3;242:18;243:11;363:12"
106,366,11,11,"121:3;242:18;243:11;363:12"
107,366,11,11,"121:3;242:18;243:11;363:12"
108,366,11,11,"121:3;242:18;243:11;363:12"
109,366,11,11,"121:3;242:18;243:11;363:12"
110,366,11,11,"121:3;242:18;243:11;363:12"
111,366,11,11,"121:3;242:18;243:11;363:12"
112,366,11,11,"121:3;242:18;243:11;363:12"
113,366,11,11,"121:3;242:18;243:11;363:12"
114,366,11,11,"121:3;242:18;243:11;363:12"
115,366,11,11,"121:3;242:18;243:11;363:12"
116,366,11,11,"121:3;242:18;243:11;363:12"
117,366,11,11,"121:3;242:18;243:11;363:12"
118,366,11,11,"121:3;242:18;243:11;363:12"
119,366,11,11,"121:3;242:18;243:11;363:12"
120,366,11,11,"121:3;242:18;243:11;363:12"
121,366,11,6,"121:3;242:18;243:11;363:12"
2,367,11,11,"121:12;242:6;243:11;363:15"
3,367,11,11,"121:12;242:6;243:11;363:15"
4,367,11,11,"121:12;242:6;243:11;363:15"
5,367,11,11,"121:12;242:6;243:11;363:15"
6,367,11,11,"121:12;242:6;243:11;363:15"
7,367,11,11,"121:12;242:6;243:11;363:15"
8,367,11,11,"121:12;242:6;243:11;363:15"
9,367,11,11,"121:12;242:6;243:11;363:15"
10,367,11,11,"121:12;242:6;243:11;363:15"
11,367,11,11,"121:12;242:6;243:11;363:15"
12,367,11,11,"121:12;242:6;243:11;363:15"
13,367,11,11,"121:12;242:6;243:11;363:15"
14,367,11,11,"121:12;242:6;243:11;363:15"
15,367,11,11,"121:12;242:6;243:11;363:15"
16,367,11,11,"121:12;242:6;243:11;363:15"
17,367,11,11,"121:12;242:6;243:11;363:15"
18,367,11,11,"121:12;242:6;243:11;363:15"
19,367,11,11,"121:12;242:6;243:11;363:15"
20,367,11,11,"121:12;242:6;243:11;363:15"
21,367,11,11,"121:12;242:6;243:11;363:15"
22,367,11,11,"121:12;242:6;243:11;363:15"
23,367,11,11,"121:12;242:6;243:11;363:15"
24,367,11,11,"121:12;242:6;243:11;363:15"
25,367,11,11,"121:12;242:6;243:11;363:15"
26,367,11,11,"121:12;242:6;243:11;363:15"
27,367,11,11,"121:12;242:6;243:11;363:15"
28,367,11,11,"121:12;242:6;243:11;363:15"
29,367,11,11,"121:12;242:6;243:11;363:15"
30,367,11,11,"121:12;242:6;243:11;363:15"
31,367,11,11,"121:12;242:6;243:11;363:15"
32,367,11,11,"121:12;242:6;243:11;363:15"
33,367,11,11,"121:12;242:6;243:11;363:15"
34,367,11,11,"121:12;242:6;243:11;363:15"
35,367,11,11,"121:12;242:6;243:11;363:15"
36,367,11,11,"121:12;242:6;243:11;363:15"
37,367,11,11,"121:12;242:6;243:11;363:15"
38,367,11,11,"121:12;242:6;243:11;363:15"
39,367,11,11,"121:12;242:6;243:11;363:15"
40,367,11,11,"121:12;242:6;243:11;363:15"
41,367,11,11,"121:12;242:6;243:11;363:15"
42,367,11,11,"121:12;242:6;243:11;363:15"
43,367,11,11,"121:12;242:6;243:11;363:15"
44,367,11,11,"121:12;242:6;243:11;363:15"
45,367,11,11,"121:12;242:6;243:11;363:15"
46,367,11,11,"121:12;242:6;243:11;363:15"
47,367,11,11,"121:12;242:6;243:11;363:15"
48,367,11,11,"121:12;242:6;243:11;363:15"
49,367,11,11,"121:12;242:6;243:11;363:15"
50,367,11,11,"121:12;242:6;243:11;363:15"
51,367,11,11,"121:12;242:6;243:11;363:15"
52,367,11,11,"121:12;242:6;243:11;363:15"
53,367,11,11,"121:12;242:6;243:11;363:15"
54,367,11,11,"121:12;242:6;243:11;363:15"
55,367,11,11,"121:12;242:6;243:11;363:15"
56,367,11,11,"121:12;242:6;243:11;363:15"
57,367,11,11,"121:12;242:6;243:11;363:15"
58,367,11,11,"121:12;242:6;243:11;363:15"
59,367,11,11,"121:12;242:6;243:11;363:15"
60,367,11,11,"121:12;242:6;243:11;363:15"
61,367,11,11,"121:12;242:6;243:11;363:15"
62,367,11,11,"121:12;242:6;243:11;363:15"
63,367,11,11,"121:12;242:6;243:11;363:15"
64,367,11,11,"121:12;242:6;243:11;363:15"
65,367,11,11,"121:12;242:6;243:11;363:15"
66,367,11,11,"121:12;242:6;243:11;363:15"
67,367,11,11,"121:12;242:6;243:11;363:15"
68,367,11,11,"121:12;242:6;243:11;363:15"
69,367,11,11,"121:12;242:6;243:11;363:15"
70,367,11,11,"121:12;242:6;243:11;363:15"
71,367,11,11,"121:12;242:6;243:11;363:15"
72,367,11,11,"121:12;242:6;243:11;363:15"
73,367,11,11,"121:12;242:6;243:11;363:15"
74,367,11,11,"121:12;242:6;243:11;363:15"
75,367,11,11,"121:12;242:6;243:11;363:15"
76,367,11,11,"121:12;242:6;243:11;363:15"
77,367,11,11,"121:12;242:6;243:11;363:15"
78,367,11,11,"121:12;242:6;243:11;363:15"
79,367,11,11,"121:12;242:6;243:11;363:15"
80,367,11,11,"121:12;242:6;243:11;363:15"
81,367,11,11,"121:12;242:6;243:11;363:15"
82,367,11,11,"121:12;242:6;243:11;363:15"
83,367,11,11,"121:12;242:6;243:11;363:15"
84,367,11,11,"121:12;242:6;243:11;363:15"
85,367,11,11,"121:12;242:6;243:11;363:15"
86,367,11,11,"121:12;242:6;243:11;363:15"
87,367,11,11,"121:12;242:6;243:11;363:15"
88,367,11,11,"121:12;242:6;243:11;363:15"
89,367,11,11,"121:12;242:6;243:11;363:15"
90,367,11,11,"121:12;242:6;243:11;363:15"
91,367,11,11,"121:12;242:6;243:11;363:15"
92,367,11,11,"121:12;242:6;243:11;363:15"
93,367,11,11,"121:12;242:6;243:11;363:15"
94,367,11,11,"121:12;242:6;243:11;363:15"
95,367,11,11,"121:12;242:6;243:11;363:15"
96,367,11,11,"121:12;242:6;243:11;363:15"
97,367,11,11,"121:12;242:6;243:11;363:15"
98,367,11,11,"121:12;242:6;243:11;363:15"
99,367,11,11,"121:12;242:6;243:11;363:15"
100,367,11,11,"121:12;242:6;243:11;363:15"
101,367,11,11,"121:12;242:6;243:11;363:15"
102,367,11,11,"121:12;242:6;243:11;363:15"
103,367,11,11,"121:12;242:6;243:11;363:15"
104,367,11,11,"121:12;242:6;243:11;363:15"
105,367,11,11,"121:12;242:6;243:11;363:15"
106,367,11,11,"121:12;242:6;243:11;363:15"
107,367,11,11,"121:12;242:6;243:11;363:15"
108,367,11,11,"121:12;242:6;243:11;363:15"
109,367,11,11,"121:12;242:6;243:11;363:15"
110,367,11,11,"121:12;242:6;243:11;363:15"
111,367,11,11,"121:12;242:6;243:11;363:15"
112,367,11,11,"121:12;242:6;243:11;363:15"
113,367,11,11,"121:12;242:6;243:11;363:15"
114,367,11,11,"121:12;242:6;243:11;363:15"
115,367,11,11,"121:12;242:6;243:11;363:15"
116,367,11,11,"121:12;242:6;243:11;363:15"
117,367,11,11,"121:12;242:6;243:11;363:15"
118,367,11,11,"121:12;242:6;243:11;363:15"
119,367,11,11,"121:12;242:6;243:11;363:15"
120,367,11,11,"121:12;242:6;243:11;363:15"
121,367,11,6,"121:12;242:6;243:11;363:15"
2,368,11,11,"121:12;242:6;243:11;363:15"
3,368,11,11,"121:12;242:6;243:11;363:15"
4,368,11,11,"121:12;242:6;243:11;363:15"
5,368,11,11,"121:12;242:6;243:11;363:15"
6,368,11,11,"121:12;242:6;243:11;363:15"
7,368,11,11,"121:12;242:6;243:11;363:15"
8,368,11,11,"121:12;242:6;243:11;363:15"
9,368,11,11,"121:12;242:6;243:11;363:15"
10,368,11,11,"121:12;242:6;243:11;363:15"
11,368,11,11,"121:12;242:6;243:11;363:15"
12,368,11,11,"121:12;242:6;243:11;363:15"
13,368,11,11,"121:12;242:6;243:11;363:15"
14,368,11,11,"121:12;242:6;243:11;363:15"
15,368,11,11,"121:12;242:6;243:11;363:15"
16,368,11,11,"121:12;242:6;243:11;363:15"
17,368,11,11,"121:12;242:6;243:11;363:15"
18,368,11,11,"121:12;242:6;243:11;363:15"
19,368,11,11,"121:12;242:6;243:11;363:15"
20,368,11,11,"121:12;242:6;243:11;363:15"
21,368,11,11,"121:12;242:6;243:11;363:15"
22,368,11,11,"121:12;242:6;243:11;363:15"
23,368,11,11,"121:12;242:6;243:11;363:15"
24,368,11,11,"121:12;242:6;243:11;363:15"
25,368,11,11,"121:12;242:6;243:11;363:15"
26,368,11,11,"121:12;242:6;243:11;363:15"
27,368,11,11,"121:12;242:6;243:11;363:15"
28,368,11,11,"121:12;242:6;243:11;363:15"
29,368,11,11,"121:12;242:6;243:11;363:15"
30,368,11,11,"121:12;242:6;243:11;363:15"
31,368,11,11,"121:12;242:6;243:11;363:15"
32,368,11,11,"121:12;242:6;243:11;363:15"
33,368,11,11,"121:12;242:6;243:11;363:15"
34,368,11,11,"121:12;242:6;243:11;363:15"
35,368,11,11,"121:12;242:6;243:11;363:15"
36,368,11,11,"121:12;242:6;243:11;363:15"
37,368,11,11,"121:12;242:6;243:11;363:15"
38,368,11,11,"121:12;242:6;243:11;363:15"
39,368,11,11,"121:12;242:6;243:11;363:15"
40,368,11,11,"121:12;242:6;243:11;363:15"
41,368,11,11,"121:12;242:6;243:11;363:15"
42,368,11,11,"121:12;242:6;243:11;363:15"
43,368,11,11,"121:12;242:6;243:11;363:15"
44,368,11,11,"121:12;242:6;243:11;363:15"
45,368,11,11,"121:12;242:6;243:11;363:15"
46,368,11,11,"121:12;242:6;243:11;363:15"
47,368,11,11,"121:12;242:6;243:11;363:15"
48,368,11,11,"121:12;242:6;243:11;363:15"
49,368,11,11,"121:12;242:6;243:11;363:15"
50,368,11,11,"121:12;242:6;243:11;363:15"
51,368,11,11,"121:12;242:6;243:11;363:15"
52,368,11,11,"121:12;242:6;243:11;363:15"
53,368,11,11,"121:12;242:6;243:11;363:15"
54,368,11,11,"121:12;242:6;243:11;363:15"
55,368,11,11,"121:12;242:6;243:11;363:15"
56,368,11,11,"121:12;242:6;243:11;363:15"
57,368,11,11,"121:12;242:6;243:11;363:15"
58,368,11,11,"121:12;242:6;243:11;363:15"
59,368,11,11,"121:12;242:6;243:11;363:15"
60,368,11,11,"121:12;242:6;243:11;363:15"
61,368,11,11,"121:12;242:6;243:11;363:15"
62,368,11,11,"121:12;242:6;243:11;363:15"
63,368,11,11,"121:12;242:6;243:11;363:15"
64,368,11,11,"121:12;242:6;243:11;363:15"
65,368,11,11,"121:12;242:6;243:11;363:15"
66,368,11,11,"121:12;242:6;243:11;363:15"
67,368,11,11,"121:12;242:6;243:11;363:15"
68,368,11,11,"121:12;242:6;243:11;363:15"
69,368,11,11,"121:12;242:6;243:11;363:15"
70,368,11,11,"121:12;242:6;243:11;363:15"
71,368,11,11,"121:12;242:6;243:11;363:15"
72,368,11,11,"121:12;242:6;243:11;363:15"
73,368,11,11,"121:12;242:6;243:11;363:15"
74,368,11,11,"121:12;242:6;243:11;363:15"
75,368,11,11,"121:12;242:6;243:11;363:15"
76,368,11,11,"121:12;242:6;243:11;363:15"
77,368,11,11,"121:12;242:6;243:11;363:15"
78,368,11,11,"121:12;242:6;243:11;363:15"
79,368,11,11,"121:12;242:6;243:11;363:15"
80,368,11,11,"121:12;242:6;243:11;363:15"
81,368,11,11,"121:12;242:6;243:11;363:15"
82,368,11,11,"121:12;242:6;243:11;363:15"
83,368,11,11,"121:12;242:6;243:11;363:15"
84,368,11,11,"121:12;242:6;243:11;363:15"
85,368,11,11,"121:12;242:6;243:11;363:15"
86,368,11,11,"121:12;242:6;243:11;363:15"
87,368,11,11,"121:12;242:6;243:11;363:15"
88,368,11,11,"121:12;242:6;243:11;363:15"
89,368,11,11,"121:12;242:6;243:11;363:15"
90,368,11,11,"121:12;242:6;243:11;363:15"
91,368,11,11,"121:12;242:6;243:11;363:15"
92,368,11,11,"121:12;242:6;243:11;363:15"
93,368,11,11,"121:12;242:6;243:11;363:15"
94,368,11,11,"121:12;242:6;243:11;363:15"
95,368,11,11,"121:12;242:6;243:11;363:15"
96,368,11,11,"121:12;242:6;243:11;363:15"
97,368,11,11,"121:12;242:6;243:11;363:15"
98,368,11,11,"121:12;242:6;243:11;363:15"
99,368,11,11,"121:12;242:6;243:11;363:15"
100,368,11,11,"121:12;242:6;243:11;363:15"
101,368,11,11,"121:12;242:6;243:11;363:15"
102,368,11,11,"121:12;242:6;243:11;363:15"
103,368,11,11,"121:12;242:6;243:11;363:15"
104,368,11,11,"121:12;242:6;243:11;363:15"
105,368,11,11,"121:12;242:6;243:11;363:15"
106,368,11,11,"121:12;242:6;243:11;363:15"
107,368,11,11,"121:12;242:6;243:11;363:15"
108,368,11,11,"121:12;242:6;243:11;363:15"
109,368,11,11,"121:12;242:6;243:11;363:15"
110,368,11,11,"121:12;242:6;243:11;363:15"
111,368,11,11,"121:12;242:6;243:11;363:15"
112,368,11,11,"121:12;242:6;243:11;363:15"
113,368,11,11,"121:12;242:6;243:11;363:15"
114,368,11,11,"121:12;242:6;243:11;363:15"
115,368,11,11,"121:12;242:6;243:11;363:15"
116,368,11,11,"121:12;242:6;243:11;363:15"
117,368,11,11,"121:12;242:6;243:11;363:15"
118,368,11,11,"121:12;242:6;243:11;363:15"
119,368,11,11,"121:12;242:6;243:11;363:15"
120,368,11,11,"121:12;242:6;243:11;363:15"
121,368,11,6,"121:12;242:6;243:11;363:15"
2,369,11,11,"121:12;242:6;243:11;363:15"
3,369,11,11,"121:12;242:6;243:11;363:15"
4,369,11,11,"121:12;242:6;243:11;363:15"
5,369,11,11,"121:12;242:6;243:11;363:15"
6,369,11,11,"121:12;242:6;243:11;363:15"
7,369,11,11,"121:12;242:6;243:11;363:15"
8,369,11,11,"121:12;242:6;243:11;363:15"
9,369,11,11,"121:12;242:6;243:11;363:15"
10,369,11,11,"121:12;242:6;243:11;363:15"
11,369,11,11,"121:12;242:6;243:11;363:15"
12,369,11,11,"121:12;242:6;243:11;363:15"
13,369,11,11,"121:12;242:6;243:11;363:15"
14,369,11,11,"121:12;242:6;243:11;363:15"
15,369,11,11,"121:12;242:6;243:11;363:15"
16,369,11,11,"121:12;242:6;243:11;363:15"
17,369,11,11,"121:12;242:6;243:11;363:15"
18,369,11,11,"121:12;242:6;243:11;363:15"
19,369,11,11,"121:12;242:6;243:11;363:15"
20,369,11,11,"121:12;242:6;243:11;363:15"
21,369,11,11,"121:12;242:6;243:11;363:15"
22,369,11,11,"121:12;242:6;243:11;363:15"
23,369,11,11,"121:12;242:6;243:11;363:15"
24,369,11,11,"121:12;242:6;243:11;363:15"
25,369,11,11,"121:12;242:6;243:11;363:15"
26,369,11,11,"121:12;242:6;243:11;363:15"
27,369,11,11,"121:12;242:6;243:11;363:15"
28,369,11,11,"121:12;242:6;243:11;363:15"
29,369,11,11,"121:12;242:6;243:11;363:15"
30,369,11,11,"121:12;242:6;243:11;363:15"
31,369,11,11,"121:12;242:6;243:11;363:15"
32,369,11,11,"121:12;242:6;243:11;363:15"
33,369,11,11,"121:12;242:6;243:11;363:15"
34,369,11,11,"121:12;242:6;243:11;363:15"
35,369,11,11,"121:12;242:6;243:11;363:15"
36,369,11,11,"121:12;242:6;243:11;363:15"
37,369,11,11,"121:12;242:6;243:11;363:15"
38,369,11,11,"121:12;242:6;243:11;363:15"
39,369,11,11,"121:12;242:6;243:11;363:15"
40,369,11,11,"121:12;242:6;243:11;363:15"
41,369,11,11,"121:12;242:6;243:11;363:15"
42,369,11,11,"121:12;242:6;243:11;363:15"
43,369,11,11,"121:12;242:6;243:11;363:15"
44,369,11,11,"121:12;242:6;243:11;363:15"
45,369,11,11,"121:12;242:6;243:11;363:15"
46,369,11,11,"121:12;242:6;243:11;363:15"
47,369,11,11,"121:12;242:6;243:11;363:15"
48,369,11,11,"121:12;242:6;243:11;363:15"
49,369,11,11,"121:12;242:6;243:11;363:15"
50,369,11,11,"121:12;242:6;243:11;363:15"
51,369,11,11,"121:12;242:6;243:11;363:15"
52,369,11,11,"121:12;242:6;243:11;363:15"
53,369,11,11,"121:12;242:6;243:11;363:15"
54,369,11,11,"121:12;242:6;243:11;363:15"
55,369,11,11,"121:12;242:6;243:11;363:15"
56,369,11,11,"121:12;242:6;243:11;363:15"
57,369,11,11,"121:12;242:6;243:11;363:15"
58,369,11,11,"121:12;242:6;243:11;363:15"
59,369,11,11,"121:12;242:6;243:11;363:15"
60,369,11,11,"121:12;242:6;243:11;363:15"
61,369,11,11,"121:12;242:6;243:11;363:15"
62,369,11,11,"121:12;242:6;243:11;363:15"
63,369,11,11,"121:12;242:6;243:11;363:15"
64,369,11,11,"121:12;242:6;243:11;363:15"
65,369,11,11,"121:12;242:6;243:11;363:15"
66,369,11,11,"121:12;242:6;243:11;363:15"
67,369,11,11,"121:12;242:6;243:11;363:15"
68,369,11,11,"121:12;242:6;243:11;363:15"
69,369,11,11,"121:12;242:6;243:11;363:15"
70,369,11,11,"121:12;242:6;243:11;363:15"
71,369,11,11,"121:12;242:6;243:11;363:15"
72,369,11,11,"121:12;242:6;243:11;363:15"
73,369,11,11,"121:12;242:6;243:11;363:15"
74,369,11,11,"121:12;242:6;243:11;363:15"
75,369,11,11,"121:12;242:6;243:11;363:15"
76,369,11,11,"121:12;242:6;243:11;363:15"
77,369,11,11,"121:12;242:6;243:11;363:15"
78,369,11,11,"121:12;242:6;243:11;363:15"
79,369,11,11,"121:12;242:6;243:11;363:15"
80,369,11,11,"121:12;242:6;243:11;363:15"
81,369,11,11,"121:12;242:6;243:11;363:15"
82,369,11,11,"121:12;242:6;243:11;363:15"
83,369,11,11,"121:12;242:6;243:11;363:15"
84,369,11,11,"121:12;242:6;243:11;363:15"
85,369,11,11,"121:12;242:6;243:11;363:15"
86,369,11,11,"121:12;242:6;243:11;363:15"
87,369,11,11,"121:12;242:6;243:11;363:15"
88,369,11,11,"121:12;242:6;243:11;363:15"
89,369,11,11,"121:12;242:6;243:11;363:15"
90,369,11,11,"121:12;242:6;243:11;363:15"
91,369,11,11,"121:12;242:6;243:11;363:15"
92,369,11,11,"121:12;242:6;243:11;363:15"
93,369,11,11,"121:12;242:6;243:11;363:15"
94,369,11,11,"121:12;242:6;243:11;363:15"
95,369,11,11,"121:12;242:6;243:11;363:15"
96,369,11,11,"121:12;242:6;243:11;363:15"
97,369,11,11,"121:12;242:6;243:11;363:15"
98,369,11,11,"121:12;242:6;243:11;363:15"
99,369,11,11,"121:12;242:6;243:11;363:15"
100,369,11,11,"121:12;242:6;243:11;363:15"
101,369,11,11,"121:12;242:6;243:11;363:15"
102,369,11,11,"121:12;242:6;243:11;363:15"
103,369,11,11,"121:12;242:6;243:11;363:15"
104,369,11,11,"121:12;242:6;243:11;363:15"
105,369,11,11,"121:12;242:6;243:11;363:15"
106,369,11,11,"121:12;242:6;243:11;363:15"
107,369,11,11,"121:12;242:6;243:11;363:15"
108,369,11,11,"121:12;242:6;243:11;363:15"
109,369,11,11,"121:12;242:6;243:11;363:15"
110,369,11,11,"121:12;242:6;243:11;363:15"
111,369,11,11,"121:12;242:6;243:11;363:15"
112,369,11,11,"121:12;242:6;243:11;363:15"
113,369,11,11,"121:12;242:6;243:11;363:15"
114,369,11,11,"121:12;242:6;243:11;363:15"
115,369,11,11,"121:12;242:6;243:11;363:15"
116,369,11,11,"121:12;242:6;243:11;363:15"
117,369,11,11,"121:12;242:6;243:11;363:15"
118,369,11,11,"121:12;242:6;243:11;363:15"
119,369,11,11,"121:12;242:6;243:11;363:15"
120,369,11,11,"121:12;242:6;243:11;363:15"
121,369,11,6,"121:12;242:6;243:11;363:15"
2,370,11,11,"121:12;242:6;243:11;363:15"
3,370,11,11,"121:12;242:6;243:11;363:15"
4,370,11,11,"121:12;242:6;243:11;363:15"
5,370,11,11,"121:12;242:6;243:11;363:15"
6,370,11,11,"121:12;242:6;243:11;363:15"
7,370,11,11,"121:12;242:6;243:11;363:15"
8,370,11,11,"121:12;242:6;243:11;363:15"
9,370,11,11,"121:12;242:6;243:11;363:15"
10,370,11,11,"121:12;242:6;243:11;363:15"
11,370,11,11,"121:12;242:6;243:11;363:15"
12,370,11,11,"121:12;242:6;243:11;363:15"
13,370,11,11,"121:12;242:6;243:11;363:15"
14,370,11,11,"121:12;242:6;243:11;363:15"
15,370,11,11,"121:12;242:6;243:11;363:15"
16,370,11,11,"121:12;242:6;243:11;363:15"
17,370,11,11,"121:12;242:6;243:11;363:15"
18,370,11,11,"121:12;242:6;243:11;363:15"
19,370,11,11,"121:12;242:6;243:11;363:15"
20,370,11,11,"121:12;242:6;243:11;363:15"
21,370,11,11,"121:12;242:6;243:11;363:15"
22,370,11,11,"121:12;242:6;243:11;363:15"
23,370,11,11,"121:12;242:6;243:11;363:15"
24,370,11,11,"121:12;242:6;243:11;363:15"
25,370,11,11,"121:12;242:6;243:11;363:15"
26,370,11,11,"121:12;242:6;243:11;363:15"
27,370,11,11,"121:12;242:6;243:11;363:15"
28,370,11,11,"121:12;242:6;243:11;363:15"
29,370,11,11,"121:12;242:6;243:11;363:15"
30,370,11,11,"121:12;242:6;243:11;363:15"
31,370,11,11,"121:12;242:6;243:11;363:15"
32,370,11,11,"121:12;242:6;243:11;363:15"
33,370,11,11,"121:12;242:6;243:11;363:15"
34,370,11,11,"121:12;242:6;243:11;363:15"
35,370,11,11,"121:12;242:6;243:11;363:15"
36,370,11,11,"121:12;242:6;243:11;363:15"
37,370,11,11,"121:12;242:6;243:11;363:15"
38,370,11,11,"121:12;242:6;243:11;363:15"
39,370,11,11,"121:12;242:6;243:11;363:15"
40,370,11,11,"121:12;242:6;243:11;363:15"
41,370,11,11,"121:12;242:6;243:11;363:15"
42,370,11,11,"121:12;242:6;243:11;363:15"
43,370,11,11,"121:12;242:6;243:11;363:15"
44,370,11,11,"121:12;242:6;243:11;363:15"
45,370,11,11,"121:12;242:6;243:11;363:15"
46,370,11,11,"121:12;242:6;243:11;363:15"
47,370,11,11,"121:12;242:6;243:11;363:15"
48,370,11,11,"121:12;242:6;243:11;363:15"
49,370,11,11,"121:12;242:6;243:11;363:15"
50,370,11,11,"121:12;242:6;243:11;363:15"
51,370,11,11,"121:12;242:6;243:11;363:15"
52,370,11,11,"121:12;242:6;243:11;363:15"
53,370,11,11,"121:12;242:6;243:11;363:15"
54,370,11,11,"121:12;242:6;243:11;363:15"
55,370,11,11,"121:12;242:6;243:11;363:15"
56,370,11,11,"121:12;242:6;243:11;363:15"
57,370,11,11,"121:12;242:6;243:11;363:15"
58,370,11,11,"121:12;242:6;243:11;363:15"
59,370,11,11,"121:12;242:6;243:11;363:15"
60,370,11,11,"121:12;242:6;243:11;363:15"
61,370,11,11,"121:12;242:6;243:11;363:15"
62,370,11,11,"121:12;242:6;243:11;363:15"
63,370,11,11,"121:12;242:6;243:11;363:15"
64,370,11,11,"121:12;242:6;243:11;363:15"
65,370,11,11,"121:12;242:6;243:11;363:15"
66,370,11,11,"121:12;242:6;243:11;363:15"
67,370,11,11,"121:12;242:6;243:11;363:15"
68,370,11,11,"121:12;242:6;243:11;363:15"
69,370,11,11,"121:12;242:6;243:11;363:15"
70,370,11,11,"121:12;242:6;243:11;363:15"
71,370,11,11,"121:12;242:6;243:11;363:15"
72,370,11,11,"121:12;242:6;243:11;363:15"
73,370,11,11,"121:12;242:6;243:11;363:15"
74,370,11,11,"121:12;242:6;243:11;363:15"
75,370,11,11,"121:12;242:6;243:11;363:15"
76,370,11,11,"121:12;242:6;243:11;363:15"
77,370,11,11,"121:12;242:6;243:11;363:15"
78,370,11,11,"121:12;242:6;243:11;363:15"
79,370,11,11,"121:12;242:6;243:11;363:15"
80,370,11,11,"121:12;242:6;243:11;363:15"
81,370,11,11,"121:12;242:6;243:11;363:15"
82,370,11,11,"121:12;242:6;243:11;363:15"
83,370,11,11,"121:12;242:6;243:11;363:15"
84,370,11,11,"121:12;242:6;243:11;363:15"
85,370,11,11,"121:12;242:6;243:11;363:15"
86,370,11,11,"121:12;242:6;243:11;363:15"
87,370,11,11,"121:12;242:6;243:11;363:15"
88,370,11,11,"121:12;242:6;243:11;363:15"
89,370,11,11,"121:12;242:6;243:11;363:15"
90,370,11,11,"121:12;242:6;243:11;363:15"
91,370,11,11,"121:12;242:6;243:11;363:15"
92,370,11,11,"121:12;242:6;243:11;363:15"
93,370,11,11,"121:12;242:6;243:11;363:15"
94,370,11,11,"121:12;242:6;243:11;363:15"
95,370,11,11,"121:12;242:6;243:11;363:15"
96,370,11,11,"121:12;242:6;243:11;363:15"
97,370,11,11,"121:12;242:6;243:11;363:15"
98,370,11,11,"121:12;242:6;243:11;363:15"
99,370,11,11,"121:12;242:6;243:11;363:15"
100,370,11,11,"121:12;242:6;243:11;363:15"
101,370,11,11,"121:12;242:6;243:11;363:15"
102,370,11,11,"121:12;242:6;243:11;363:15"
103,370,11,11,"121:12;242:6;243:11;363:15"
104,370,11,11,"121:12;242:6;243:11;363:15"
105,370,11,11,"121:12;242:6;243:11;363:15"
106,370,11,11,"121:12;242:6;243:11;363:15"
107,370,11,11,"121:12;242:6;243:11;363:15"
108,370,11,11,"121:12;242:6;243:11;363:15"
109,370,11,11,"121:12;242:6;243:11;363:15"
110,370,11,11,"121:12;242:6;243:11;363:15"
111,370,11,11,"121:12;242:6;243:11;363:15"
112,370,11,11,"121:12;242:6;243:11;363:15"
113,370,11,11,"121:12;242:6;243:11;363:15"
114,370,11,11,"121:12;242:6;243:11;363:15"
115,370,11,11,"121:12;242:6;243:11;363:15"
116,370,11,11,"121:12;242:6;243:11;363:15"
117,370,11,11,"121:12;242:6;243:11;363:15"
118,370,11,11,"121:12;242:6;243:11;363:15"
119,370,11,11,"121:12;242:6;243:11;363:15"
120,370,11,11,"121:12;242:6;243:11;363:15"
121,370,11,6,"121:12;242:6;243:11;363:15"
